Filename;Object ID;Annotation tag;Upper left corner X;Upper left corner Y;Lower right corner X;Lower right corner Y;Column1;;;;
frame_000054.png;1;MTB;32;14;40;24; ;;;;
frame_000054.png;2;MTB;43;7;49;15; ;;;;
frame_000055.png;1;MTB;31;14;40;25; ;;;;
frame_000055.png;2;MTB;42;8;48;14; ;;;;
frame_000056.png;1;MTB;31;14;40;28; ;;;;
frame_000057.png;1;MTB;32;15;41;29; ;;;;
frame_000058.png;1;MTB;33;16;42;29; ;;;;
frame_000059.png;1;MTB;35;18;44;31; ;;;;
frame_000060.png;1;MTB;36;19;47;34; ;;;;
frame_000061.png;1;MTB;39;20;50;38; ;;;;
frame_000062.png;1;MTB;41;22;55;40; ;;;;
frame_000063.png;1;MTB;45;23;60;43; ;;;;
frame_000063.png;2;MTB;31;13;40;24; ;;;;
frame_000064.png;1;MTB;49;26;65;46; ;;;;
frame_000064.png;2;MTB;31;14;40;25; ;;;;
frame_000065.png;1;MTB;54;29;72;51; ;;;;
frame_000065.png;2;MTB;31;14;40;26; ;;;;
frame_000066.png;1;MTB;61;34;79;53; ;;;;
frame_000066.png;2;MTB;31;15;40;27; ;;;;
frame_000067.png;2;MTB;32;16;42;28; ;;;;
frame_000068.png;2;MTB;33;17;44;31; ;;;;
frame_000069.png;1;MTB;34;18;46;33; ;;;;
frame_000070.png;1;MTB;37;19;50;36; ;;;;
frame_000071.png;1;MTB;41;21;53;36; ;;;;
frame_000072.png;1;MTB;45;24;58;41; ;;;;
frame_000073.png;1;MTB;49;26;63;43; ;;;;
frame_000074.png;1;MTB;55;29;70;46; ;;;;
frame_000075.png;1;MTB;61;33;77;51; ;;;;
frame_006900.png;1;MTB;28;20;40;32; ;;;;
frame_006901.png;1;MTB;31;21;43;34; ;;;;
frame_006902.png;1;MTB;35;23;47;39; ;;;;
frame_006903.png;1;MTB;39;26;51;42; ;;;;
frame_006904.png;1;MTB;43;28;57;45; ;;;;
frame_006905.png;1;MTB;48;31;62;49; ;;;;
frame_006906.png;1;MTB;53;34;69;52; ;;;;
frame_006907.png;1;MTB;60;38;77;54; ;;;;
frame_006940.png;1;MTB;25;17;35;28; ;;;;
frame_006941.png;1;MTB;26;18;36;29; ;;;;
frame_006942.png;1;MTB;27;19;38;31; ;;;;
frame_006943.png;1;MTB;29;20;41;33; ;;;;
frame_006944.png;1;MTB;32;22;44;36; ;;;;
frame_006945.png;1;MTB;35;24;48;39; ;;;;
frame_006946.png;1;MTB;39;26;52;41; ;;;;
frame_006947.png;1;MTB;44;29;58;46; ;;;;
frame_006948.png;1;MTB;50;33;65;49; ;;;;
frame_006949.png;1;MTB;58;37;73;54; ;;;;
frame_008443.png;1;MTB;26;16;35;29; ;;;;
frame_008444.png;1;MTB;27;17;36;30; ;;;;
frame_008445.png;1;MTB;28;17;37;32; ;;;;
frame_008446.png;1;MTB;28;18;39;33; ;;;;
frame_008447.png;1;MTB;30;19;40;34; ;;;;
frame_008448.png;1;MTB;31;20;42;36; ;;;;
frame_008449.png;1;MTB;32;20;43;37; ;;;;
frame_008450.png;1;MTB;34;21;45;38; ;;;;
frame_008451.png;1;MTB;35;23;47;41; ;;;;
frame_008452.png;1;MTB;37;24;49;42; ;;;;
frame_008453.png;1;MTB;39;24;52;43; ;;;;
frame_008454.png;1;MTB;41;25;54;45; ;;;;
frame_008455.png;1;MTB;43;27;57;46; ;;;;
frame_008456.png;1;MTB;45;27;59;48; ;;;;
frame_008457.png;1;MTB;47;29;61;50; ;;;;
frame_008458.png;1;MTB;49;30;63;51; ;;;;
frame_008459.png;1;MTB;51;31;65;53; ;;;;
frame_008459.png;2;MTB;49;3;54;8; ;;;;
frame_008460.png;1;MTB;52;32;67;55; ;;;;
frame_008461.png;1;MTB;55;34;69;56; ;;;;
frame_008462.png;1;MTB;57;35;71;56; ;;;;
frame_008463.png;1;MTB;58;36;75;59; ;;;;
frame_008464.png;1;MTB;61;38;78;60; ;;;;
frame_008465.png;1;MTB;64;39;79;59; ;;;;
frame_008591.png;1;MTB;27;18;36;31; ;;;;
frame_008592.png;1;MTB;27;18;36;32; ;;;;
frame_008593.png;1;MTB;28;18;37;32; ;;;;
frame_008594.png;1;MTB;28;19;38;32; ;;;;
frame_008595.png;1;MTB;29;19;39;34; ;;;;
frame_008596.png;1;MTB;30;20;40;35; ;;;;
frame_008597.png;1;MTB;31;20;41;35; ;;;;
frame_008598.png;1;MTB;32;21;42;36; ;;;;
frame_008599.png;1;MTB;33;22;44;37; ;;;;
frame_008600.png;1;MTB;34;22;45;38; ;;;;
frame_008601.png;1;MTB;36;23;47;39; ;;;;
frame_008602.png;1;MTB;37;24;49;41; ;;;;
frame_008603.png;1;MTB;39;25;51;43; ;;;;
frame_008604.png;1;MTB;41;26;53;44; ;;;;
frame_008605.png;1;MTB;43;27;56;46; ;;;;
frame_008606.png;1;MTB;45;29;58;47; ;;;;
frame_008607.png;1;MTB;47;30;61;49; ;;;;
frame_008608.png;1;MTB;50;32;64;51; ;;;;
frame_008609.png;1;MTB;52;33;67;53; ;;;;
frame_008610.png;1;MTB;56;35;71;55; ;;;;
frame_008611.png;1;MTB;59;37;75;58; ;;;;
frame_008612.png;1;MTB;61;39;78;59; ;;;;
frame_008613.png;1;MTB;67;41;79;59; ;;;;
frame_008846.png;1;MTB;28;13;36;23; ;;;;
frame_008847.png;1;MTB;27;14;35;24; ;;;;
frame_008848.png;1;MTB;26;14;35;25; ;;;;
frame_008849.png;1;MTB;26;14;34;26; ;;;;
frame_008850.png;1;MTB;25;14;34;26; ;;;;
frame_008851.png;1;MTB;25;15;34;27; ;;;;
frame_008852.png;1;MTB;25;15;34;29; ;;;;
frame_008853.png;1;MTB;26;16;35;29; ;;;;
frame_008854.png;1;MTB;27;17;37;31; ;;;;
frame_008855.png;1;MTB;28;17;38;33; ;;;;
frame_008856.png;1;MTB;29;18;41;35; ;;;;
frame_008857.png;1;MTB;31;20;43;37; ;;;;
frame_008858.png;1;MTB;33;21;46;38; ;;;;
frame_008859.png;1;MTB;37;23;51;41; ;;;;
frame_008860.png;1;MTB;41;25;56;44; ;;;;
frame_008861.png;1;MTB;45;28;61;48; ;;;;
frame_008862.png;1;MTB;51;31;68;52; ;;;;
frame_008863.png;1;MTB;57;35;75;55; ;;;;
frame_008864.png;1;MTB;64;38;79;59; ;;;;
frame_012989.png;1;MTB;26;17;36;26; ;;;;
frame_012990.png;1;MTB;27;18;37;28; ;;;;
frame_012991.png;1;MTB;28;19;39;30; ;;;;
frame_012992.png;1;MTB;30;21;42;32; ;;;;
frame_012993.png;1;MTB;32;22;46;35; ;;;;
frame_012994.png;1;MTB;36;25;51;39; ;;;;
frame_012995.png;1;MTB;42;28;58;44; ;;;;
frame_012996.png;1;MTB;51;33;67;49; ;;;;
frame_012997.png;1;MTB;60;38;77;55; ;;;;
frame_014767.png;1;MTB;25;16;34;30; ;;;;
frame_014768.png;1;MTB;26;17;35;31; ;;;;
frame_014769.png;1;MTB;27;17;37;32; ;;;;
frame_014770.png;1;MTB;28;18;38;33; ;;;;
frame_014771.png;1;MTB;30;19;40;35; ;;;;
frame_014772.png;1;MTB;31;21;43;37; ;;;;
frame_014773.png;1;MTB;33;22;45;41; ;;;;
frame_014774.png;1;MTB;36;24;49;42; ;;;;
frame_014775.png;1;MTB;38;26;53;45; ;;;;
frame_014776.png;1;MTB;42;28;58;51; ;;;;
frame_014777.png;1;MTB;46;31;63;55; ;;;;
frame_014778.png;1;MTB;51;34;69;59; ;;;;
frame_014779.png;1;MTB;57;39;76;59; ;;;;
frame_018149.png;1;MTB;26;16;35;26; ;;;;
frame_018150.png;1;MTB;26;16;35;27; ;;;;
frame_018151.png;1;MTB;26;17;35;29; ;;;;
frame_018152.png;1;MTB;26;18;36;31; ;;;;
frame_018153.png;1;MTB;27;19;38;33; ;;;;
frame_018154.png;1;MTB;29;20;41;35; ;;;;
frame_018155.png;1;MTB;31;22;44;38; ;;;;
frame_018156.png;1;MTB;34;24;48;41; ;;;;
frame_018157.png;1;MTB;38;26;53;45; ;;;;
frame_018158.png;1;MTB;44;29;59;49; ;;;;
frame_018159.png;1;MTB;49;33;67;54; ;;;;
frame_018160.png;1;MTB;57;38;75;56; ;;;;
frame_018161.png;1;MTB;67;43;79;59; ;;;;
frame_025743.png;1;MTB;26;17;35;27; ;;;;
frame_025744.png;1;MTB;26;17;36;27; ;;;;
frame_025745.png;1;MTB;27;18;36;31; ;;;;
frame_025746.png;1;MTB;27;19;38;33; ;;;;
frame_025747.png;1;MTB;29;21;41;35; ;;;;
frame_025748.png;1;MTB;31;22;44;37; ;;;;
frame_025749.png;1;MTB;35;24;48;40; ;;;;
frame_025750.png;1;MTB;39;26;53;44; ;;;;
frame_025751.png;1;MTB;44;29;59;48; ;;;;
frame_025752.png;1;MTB;50;33;66;50; ;;;;
frame_025753.png;1;MTB;57;37;74;54; ;;;;
frame_025754.png;1;MTB;68;42;79;59; ;;;;
frame_041273.png;1;MTB;29;17;36;26; ;;;;
frame_041274.png;1;MTB;29;18;36;27; ;;;;
frame_041275.png;1;MTB;29;17;37;29; ;;;;
frame_041276.png;1;MTB;30;19;38;30; ;;;;
frame_041277.png;1;MTB;31;20;38;31; ;;;;
frame_041278.png;1;MTB;33;21;40;34; ;;;;
frame_041279.png;1;MTB;35;22;42;36; ;;;;
frame_041280.png;1;MTB;36;23;45;38; ;;;;
frame_041281.png;1;MTB;37;24;50;41; ;;;;
frame_041281.png;2;MTB;30;16;38;28; ;;;;
frame_041282.png;1;MTB;39;26;54;44; ;;;;
frame_041282.png;2;MTB;30;17;38;28; ;;;;
frame_041283.png;1;MTB;43;28;58;48; ;;;;
frame_041283.png;2;MTB;29;17;38;29; ;;;;
frame_041284.png;1;MTB;47;31;64;54; ;;;;
frame_041284.png;2;MTB;29;18;39;31; ;;;;
frame_041285.png;1;MTB;52;35;71;55; ;;;;
frame_041285.png;2;MTB;30;19;40;32; ;;;;
frame_041286.png;1;MTB;59;39;79;58; ;;;;
frame_041286.png;2;MTB;31;19;42;34; ;;;;
frame_041287.png;1;MTB;33;21;44;35; ;;;;
frame_041288.png;1;MTB;35;22;47;39; ;;;;
frame_041289.png;1;MTB;37;23;51;41; ;;;;
frame_041290.png;1;MTB;41;25;55;46; ;;;;
frame_041291.png;1;MTB;45;27;60;50; ;;;;
frame_041292.png;1;MTB;49;30;66;54; ;;;;
frame_041293.png;1;MTB;55;34;72;59; ;;;;
frame_041294.png;1;MTB;61;38;79;59; ;;;;
frame_041353.png;1;MTB;33;20;40;33; ;;;;
frame_041354.png;1;MTB;35;21;43;34; ;;;;
frame_041355.png;1;MTB;37;22;46;37; ;;;;
frame_041356.png;1;MTB;38;23;51;40; ;;;;
frame_041356.png;2;MTB;31;17;38;27; ;;;;
frame_041357.png;1;MTB;42;26;56;44; ;;;;
frame_041357.png;2;MTB;30;17;38;27; ;;;;
frame_041358.png;1;MTB;47;28;62;47; ;;;;
frame_041358.png;2;MTB;30;17;39;30; ;;;;
frame_041359.png;1;MTB;52;31;68;50; ;;;;
frame_041359.png;2;MTB;31;18;40;31; ;;;;
frame_041360.png;1;MTB;59;35;76;54; ;;;;
frame_041360.png;2;MTB;32;19;41;33; ;;;;
frame_041361.png;1;MTB;66;40;79;58; ;;;;
frame_041361.png;2;MTB;33;20;42;34; ;;;;
frame_041362.png;1;MTB;35;22;44;35; ;;;;
frame_041363.png;1;MTB;36;23;47;39; ;;;;
frame_041364.png;1;MTB;39;24;51;41; ;;;;
frame_041365.png;1;MTB;43;26;55;44; ;;;;
frame_041366.png;1;MTB;46;29;60;47; ;;;;
frame_041367.png;1;MTB;51;31;66;51; ;;;;
frame_041368.png;1;MTB;56;35;73;55; ;;;;
frame_041369.png;1;MTB;64;39;79;59; ;;;;
frame_041932.png;1;MTB;31;17;40;27; ;;;;
frame_041933.png;1;MTB;31;17;40;27; ;;;;
frame_041934.png;1;MTB;30;18;40;30; ;;;;
frame_041935.png;1;MTB;31;18;41;31; ;;;;
frame_041936.png;1;MTB;31;19;42;32; ;;;;
frame_041937.png;1;MTB;33;20;44;34; ;;;;
frame_041938.png;1;MTB;35;20;46;36; ;;;;
frame_041939.png;1;MTB;37;22;49;39; ;;;;
frame_041940.png;1;MTB;40;24;53;41; ;;;;
frame_041941.png;1;MTB;43;26;57;46; ;;;;
frame_041942.png;1;MTB;47;28;62;50; ;;;;
frame_041943.png;1;MTB;52;32;69;53; ;;;;
frame_041944.png;1;MTB;57;36;76;57; ;;;;
frame_041945.png;1;MTB;64;40;79;59; ;;;;
frame_041989.png;1;MTB;29;19;38;31; ;;;;
frame_041990.png;1;MTB;30;20;39;33; ;;;;
frame_041991.png;1;MTB;31;21;41;35; ;;;;
frame_041992.png;1;MTB;34;22;44;38; ;;;;
frame_041993.png;1;MTB;35;23;47;42; ;;;;
frame_041994.png;1;MTB;38;25;52;45; ;;;;
frame_041995.png;1;MTB;43;28;57;50; ;;;;
frame_041996.png;1;MTB;47;30;64;55; ;;;;
frame_041996.png;2;MTB;36;14;43;23; ;;;;
frame_041997.png;1;MTB;54;34;71;54; ;;;;
frame_041997.png;2;MTB;34;14;41;25; ;;;;
frame_041998.png;1;MTB;62;38;79;59; ;;;;
frame_041998.png;2;MTB;33;15;40;25; ;;;;
frame_041999.png;1;MTB;32;16;38;24; ;;;;
frame_042000.png;1;MTB;31;16;37;25; ;;;;
frame_042001.png;1;MTB;30;16;38;27; ;;;;
frame_042002.png;1;MTB;29;16;38;28; ;;;;
frame_042003.png;1;MTB;29;17;38;29; ;;;;
frame_042004.png;1;MTB;29;17;39;31; ;;;;
frame_042005.png;1;MTB;30;18;40;32; ;;;;
frame_042006.png;1;MTB;31;19;42;34; ;;;;
frame_042007.png;1;MTB;33;20;45;36; ;;;;
frame_042008.png;1;MTB;35;21;47;39; ;;;;
frame_042009.png;1;MTB;38;23;51;41; ;;;;
frame_042010.png;1;MTB;41;25;55;44; ;;;;
frame_042011.png;1;MTB;46;27;60;47; ;;;;
frame_042012.png;1;MTB;50;29;65;51; ;;;;
frame_042013.png;1;MTB;56;33;72;54; ;;;;
frame_042014.png;1;MTB;62;37;79;57; ;;;;
frame_043859.png;1;MTB;31;18;40;28; ;;;;
frame_043860.png;1;MTB;31;18;40;29; ;;;;
frame_043861.png;1;MTB;32;19;41;31; ;;;;
frame_043862.png;1;MTB;32;21;43;33; ;;;;
frame_043863.png;1;MTB;34;22;45;36; ;;;;
frame_043864.png;1;MTB;36;23;48;38; ;;;;
frame_043865.png;1;MTB;39;25;52;41; ;;;;
frame_043866.png;1;MTB;43;28;57;43; ;;;;
frame_043867.png;1;MTB;48;31;63;46; ;;;;
frame_043868.png;1;MTB;55;35;71;51; ;;;;
frame_043869.png;1;MTB;62;40;78;56; ;;;;
frame_045765.png;1;PED;69;38;77;59; ;;;;
frame_045766.png;1;PED;69;38;75;59; ;;;;
frame_045766.png;2;PED;74;36;79;59; ;;;;
frame_045767.png;1;PED;68;37;74;59; ;;;;
frame_045767.png;2;PED;73;36;79;59; ;;;;
frame_045768.png;1;PED;66;36;73;58; ;;;;
frame_045768.png;2;PED;72;34;78;58; ;;;;
frame_045769.png;1;PED;65;36;71;57; ;;;;
frame_045769.png;2;PED;71;34;76;57; ;;;;
frame_045770.png;1;PED;63;36;70;57; ;;;;
frame_045770.png;2;PED;70;34;75;55; ;;;;
frame_045771.png;1;PED;62;35;69;56; ;;;;
frame_045771.png;2;PED;69;34;74;55; ;;;;
frame_045772.png;1;PED;61;35;68;56; ;;;;
frame_045772.png;2;PED;68;33;73;56; ;;;;
frame_045773.png;1;PED;61;34;67;55; ;;;;
frame_045773.png;2;PED;66;32;72;55; ;;;;
frame_045774.png;1;PED;61;32;71;54; ;;;;
frame_045775.png;1;PED;58;31;72;56; ;;;;
frame_045776.png;1;PED;56;30;71;56; ;;;;
frame_045777.png;1;PED;56;30;70;56; ;;;;
frame_045778.png;1;PED;55;29;68;55; ;;;;
frame_045779.png;1;PED;54;29;67;53; ;;;;
frame_045780.png;1;PED;53;28;67;53; ;;;;
frame_045781.png;1;PED;52;28;66;53; ;;;;
frame_045782.png;1;PED;51;28;65;53; ;;;;
frame_045783.png;1;PED;50;27;64;51; ;;;;
frame_045784.png;1;PED;50;27;63;50; ;;;;
frame_045785.png;1;PED;49;26;62;50; ;;;;
frame_045786.png;1;PED;48;26;61;50; ;;;;
frame_045787.png;1;PED;46;26;61;50; ;;;;
frame_045788.png;1;PED;44;26;60;49; ;;;;
frame_045789.png;1;PED;42;25;59;49; ;;;;
frame_045790.png;1;PED;42;25;59;47; ;;;;
frame_045791.png;1;PED;42;25;58;47; ;;;;
frame_045792.png;1;PED;42;25;58;47; ;;;;
frame_045793.png;1;PED;41;24;57;47; ;;;;
frame_045794.png;1;PED;41;24;57;47; ;;;;
frame_045795.png;1;PED;41;24;57;46; ;;;;
frame_045796.png;1;PED;41;24;56;46; ;;;;
frame_045797.png;1;PED;40;23;56;46; ;;;;
frame_045798.png;1;PED;40;23;55;46; ;;;;
frame_045799.png;1;PED;41;23;55;46; ;;;;
frame_045800.png;1;PED;41;23;54;45; ;;;;
frame_045801.png;1;PED;41;23;54;45; ;;;;
frame_045802.png;1;PED;41;23;53;45; ;;;;
frame_045803.png;1;PED;41;23;53;45; ;;;;
frame_045804.png;1;PED;41;22;53;45; ;;;;
frame_045805.png;1;PED;41;22;54;45; ;;;;
frame_045806.png;1;PED;41;22;54;45; ;;;;
frame_045807.png;1;PED;43;22;54;45; ;;;;
frame_045808.png;1;PED;44;22;54;45; ;;;;
frame_045809.png;1;PED;44;22;54;45; ;;;;
frame_045810.png;1;PED;44;22;54;45; ;;;;
frame_045811.png;1;PED;44;22;54;45; ;;;;
frame_045812.png;1;PED;44;23;54;45; ;;;;
frame_045813.png;1;PED;44;23;54;45; ;;;;
frame_045814.png;1;PED;44;23;54;45; ;;;;
frame_045815.png;1;PED;44;23;54;45; ;;;;
frame_045816.png;1;PED;44;23;54;45; ;;;;
frame_045817.png;1;PED;44;23;54;45; ;;;;
frame_045818.png;1;PED;44;23;54;45; ;;;;
frame_045819.png;1;PED;44;23;54;45; ;;;;
frame_045820.png;1;PED;44;23;54;45; ;;;;
frame_045821.png;1;PED;44;23;54;45; ;;;;
frame_045822.png;1;PED;44;23;54;45; ;;;;
frame_045823.png;1;PED;44;23;55;45; ;;;;
frame_045824.png;1;PED;44;23;55;45; ;;;;
frame_045825.png;1;PED;44;23;54;45; ;;;;
frame_045826.png;1;PED;44;23;54;45; ;;;;
frame_045827.png;1;PED;44;23;54;45; ;;;;
frame_045828.png;1;PED;44;23;54;45; ;;;;
frame_045829.png;1;PED;44;23;54;45; ;;;;
frame_045830.png;1;PED;44;23;54;46; ;;;;
frame_045831.png;1;PED;44;23;54;46; ;;;;
frame_045832.png;1;PED;44;23;54;46; ;;;;
frame_045833.png;1;PED;44;23;54;46; ;;;;
frame_045834.png;1;PED;44;23;54;46; ;;;;
frame_045835.png;1;PED;44;23;54;46; ;;;;
frame_045836.png;1;PED;44;23;54;46; ;;;;
frame_045837.png;1;PED;44;23;54;46; ;;;;
frame_045838.png;1;PED;44;23;54;46; ;;;;
frame_045839.png;1;PED;44;23;54;46; ;;;;
frame_045840.png;1;PED;44;23;54;46; ;;;;
frame_045841.png;1;PED;44;23;54;46; ;;;;
frame_045842.png;1;PED;44;23;54;46; ;;;;
frame_045843.png;1;PED;44;23;54;46; ;;;;
frame_045844.png;1;PED;44;23;54;46; ;;;;
frame_045845.png;1;PED;44;23;54;46; ;;;;
frame_045846.png;1;PED;44;23;54;46; ;;;;
frame_045847.png;1;PED;44;23;54;46; ;;;;
frame_045848.png;1;PED;44;23;54;46; ;;;;
frame_045849.png;1;PED;44;23;54;46; ;;;;
frame_045850.png;1;PED;44;23;54;46; ;;;;
frame_045851.png;1;PED;44;23;54;46; ;;;;
frame_045852.png;1;PED;44;23;55;46; ;;;;
frame_045853.png;1;PED;44;23;55;46; ;;;;
frame_045854.png;1;PED;44;23;55;46; ;;;;
frame_045855.png;1;PED;44;23;55;46; ;;;;
frame_045856.png;1;PED;44;23;55;46; ;;;;
frame_045857.png;1;PED;44;23;54;46; ;;;;
frame_045858.png;1;PED;44;23;54;46; ;;;;
frame_045859.png;1;PED;44;23;54;46; ;;;;
frame_045860.png;1;PED;44;23;54;46; ;;;;
frame_045861.png;1;PED;43;23;53;46; ;;;;
frame_045862.png;1;PED;43;23;53;46; ;;;;
frame_045863.png;1;PED;43;22;53;46; ;;;;
frame_045864.png;1;PED;43;22;53;46; ;;;;
frame_045865.png;1;PED;43;22;53;46; ;;;;
frame_045866.png;1;PED;43;22;53;46; ;;;;
frame_045867.png;1;PED;43;22;53;46; ;;;;
frame_045868.png;1;PED;44;22;53;45; ;;;;
frame_045869.png;1;PED;43;22;54;45; ;;;;
frame_045870.png;1;PED;43;22;54;45; ;;;;
frame_045871.png;1;PED;43;22;54;45; ;;;;
frame_045872.png;1;PED;42;22;53;46; ;;;;
frame_045873.png;1;PED;42;22;53;46; ;;;;
frame_045874.png;1;PED;42;22;53;46; ;;;;
frame_045875.png;1;PED;41;22;52;45; ;;;;
frame_045876.png;1;PED;41;22;52;45; ;;;;
frame_045877.png;1;PED;40;22;52;44; ;;;;
frame_045878.png;1;PED;40;22;51;44; ;;;;
frame_045879.png;1;PED;40;22;51;44; ;;;;
frame_045880.png;1;PED;40;22;50;44; ;;;;
frame_045881.png;1;PED;40;22;50;43; ;;;;
frame_045882.png;1;PED;40;22;49;43; ;;;;
frame_045883.png;1;PED;40;22;49;43; ;;;;
frame_045884.png;1;PED;39;21;49;43; ;;;;
frame_045885.png;1;PED;39;21;49;43; ;;;;
frame_045886.png;1;PED;39;21;49;43; ;;;;
frame_045887.png;1;PED;38;21;49;43; ;;;;
frame_045888.png;1;PED;38;21;49;42; ;;;;
frame_045889.png;1;PED;38;20;50;41; ;;;;
frame_045890.png;1;PED;37;20;50;41; ;;;;
frame_045891.png;1;PED;37;20;50;41; ;;;;
frame_045892.png;1;PED;37;20;49;41; ;;;;
frame_045893.png;1;PED;37;20;49;41; ;;;;
frame_045894.png;1;PED;36;20;49;41; ;;;;
frame_045895.png;1;PED;36;20;49;41; ;;;;
frame_045896.png;1;PED;36;20;49;41; ;;;;
frame_045897.png;1;PED;37;22;42;38; ;;;;
frame_045897.png;2;PED;42;21;47;39; ;;;;
frame_045898.png;1;PED;37;22;42;38; ;;;;
frame_045898.png;2;PED;42;22;48;39; ;;;;
frame_045899.png;1;PED;37;22;42;38; ;;;;
frame_045899.png;2;PED;42;22;47;39; ;;;;
frame_045900.png;1;PED;37;22;42;37; ;;;;
frame_045900.png;2;PED;42;22;47;39; ;;;;
frame_045901.png;1;PED;37;22;42;36; ;;;;
frame_045901.png;2;PED;42;22;48;39; ;;;;
frame_045902.png;1;PED;37;22;42;37; ;;;;
frame_045902.png;2;PED;42;22;48;38; ;;;;
frame_045903.png;1;PED;37;21;42;37; ;;;;
frame_045903.png;2;PED;42;21;48;38; ;;;;
frame_045904.png;1;PED;36;20;50;41; ;;;;
frame_045905.png;1;PED;36;20;50;41; ;;;;
frame_045906.png;1;PED;36;20;51;41; ;;;;
frame_045907.png;1;PED;35;20;51;41; ;;;;
frame_045908.png;1;PED;35;20;50;41; ;;;;
frame_045909.png;1;PED;35;20;50;40; ;;;;
frame_045910.png;1;PED;35;20;50;39; ;;;;
frame_045911.png;1;PED;35;20;49;39; ;;;;
frame_045912.png;1;PED;35;20;49;39; ;;;;
frame_045913.png;1;PED;35;20;49;39; ;;;;
frame_045914.png;1;PED;35;20;48;39; ;;;;
frame_045915.png;1;PED;35;20;48;39; ;;;;
frame_045916.png;1;PED;35;19;48;38; ;;;;
frame_045917.png;1;PED;35;19;48;38; ;;;;
frame_045918.png;1;PED;35;19;48;38; ;;;;
frame_045919.png;1;PED;35;19;48;38; ;;;;
frame_045920.png;1;PED;34;19;47;38; ;;;;
frame_045921.png;1;PED;34;19;47;38; ;;;;
frame_045922.png;1;PED;34;19;47;38; ;;;;
frame_045923.png;1;PED;34;19;47;38; ;;;;
frame_045924.png;1;PED;34;19;47;38; ;;;;
frame_045925.png;1;PED;34;19;47;38; ;;;;
frame_045926.png;1;PED;34;19;47;38; ;;;;
frame_045927.png;1;PED;34;19;47;38; ;;;;
frame_045928.png;1;PED;34;19;47;38; ;;;;
frame_045929.png;1;PED;34;19;47;38; ;;;;
frame_045930.png;1;PED;34;19;47;38; ;;;;
frame_045931.png;1;PED;34;19;46;38; ;;;;
frame_045932.png;1;PED;34;19;46;37; ;;;;
frame_045933.png;1;PED;33;18;46;36; ;;;;
frame_045934.png;1;PED;33;18;46;36; ;;;;
frame_045935.png;1;PED;33;18;46;36; ;;;;
frame_045936.png;1;PED;33;18;46;36; ;;;;
frame_045937.png;1;PED;33;18;46;36; ;;;;
frame_045938.png;1;PED;32;18;46;36; ;;;;
frame_045939.png;1;PED;32;18;47;36; ;;;;
frame_045940.png;1;PED;32;18;47;36; ;;;;
frame_045941.png;1;PED;32;18;48;36; ;;;;
frame_045942.png;1;PED;32;18;48;36; ;;;;
frame_045943.png;1;PED;32;18;49;36; ;;;;
frame_045944.png;1;PED;33;18;49;36; ;;;;
frame_045945.png;1;PED;33;18;49;36; ;;;;
frame_045946.png;1;PED;33;18;48;36; ;;;;
frame_045947.png;1;PED;33;18;48;36; ;;;;
frame_045948.png;1;PED;33;19;48;37; ;;;;
frame_045949.png;1;PED;33;19;48;37; ;;;;
frame_045950.png;1;PED;33;19;48;37; ;;;;
frame_045951.png;1;PED;33;18;48;37; ;;;;
frame_045952.png;1;PED;33;18;48;37; ;;;;
frame_045953.png;1;PED;33;18;48;37; ;;;;
frame_045954.png;1;PED;33;18;48;37; ;;;;
frame_045955.png;1;PED;33;18;48;37; ;;;;
frame_045956.png;1;PED;33;18;48;37; ;;;;
frame_045957.png;1;PED;33;18;47;36; ;;;;
frame_045958.png;1;PED;33;18;47;36; ;;;;
frame_045959.png;1;PED;33;18;46;35; ;;;;
frame_045960.png;1;PED;33;18;45;35; ;;;;
frame_045961.png;1;PED;33;18;45;35; ;;;;
frame_045962.png;1;PED;33;18;45;35; ;;;;
frame_045963.png;1;PED;33;18;44;35; ;;;;
frame_045964.png;1;PED;33;18;44;35; ;;;;
frame_045965.png;1;PED;33;18;44;35; ;;;;
frame_045966.png;1;PED;33;18;44;34; ;;;;
frame_045967.png;1;PED;33;18;44;34; ;;;;
frame_045968.png;1;PED;33;18;44;34; ;;;;
frame_045969.png;1;PED;33;17;44;34; ;;;;
frame_045970.png;1;PED;33;17;44;34; ;;;;
frame_045971.png;1;PED;33;18;44;34; ;;;;
frame_045972.png;1;PED;33;18;43;34; ;;;;
frame_045973.png;1;PED;33;17;43;34; ;;;;
frame_045974.png;1;PED;33;17;42;34; ;;;;
frame_045975.png;1;PED;33;17;41;34; ;;;;
frame_045976.png;1;PED;33;17;41;34; ;;;;
frame_045977.png;1;PED;32;17;40;34; ;;;;
frame_045978.png;1;PED;32;17;41;34; ;;;;
frame_045979.png;1;PED;32;17;41;34; ;;;;
frame_045980.png;1;PED;31;17;41;34; ;;;;
frame_045981.png;1;PED;31;17;41;34; ;;;;
frame_045982.png;1;PED;31;16;41;34; ;;;;
frame_045983.png;1;PED;31;16;41;34; ;;;;
frame_045984.png;1;PED;31;16;41;34; ;;;;
frame_045985.png;1;PED;31;16;41;34; ;;;;
frame_045986.png;1;PED;32;17;41;34; ;;;;
frame_045987.png;1;PED;32;17;41;34; ;;;;
frame_045988.png;1;PED;32;17;41;34; ;;;;
frame_045989.png;1;PED;32;17;41;34; ;;;;
frame_045990.png;1;PED;32;17;41;34; ;;;;
frame_045991.png;1;PED;31;17;41;34; ;;;;
frame_045992.png;1;PED;31;17;41;34; ;;;;
frame_045993.png;1;PED;32;17;41;34; ;;;;
frame_045994.png;1;PED;32;17;41;34; ;;;;
frame_045995.png;1;PED;32;17;41;34; ;;;;
frame_045996.png;1;PED;32;17;41;34; ;;;;
frame_045997.png;1;PED;32;17;40;34; ;;;;
frame_045998.png;1;PED;32;17;40;34; ;;;;
frame_045999.png;1;PED;32;16;40;34; ;;;;
frame_046000.png;1;PED;32;16;40;34; ;;;;
frame_046001.png;1;PED;31;16;40;34; ;;;;
frame_046002.png;1;PED;31;16;40;33; ;;;;
frame_046003.png;1;PED;31;16;40;33; ;;;;
frame_046004.png;1;PED;31;16;40;33; ;;;;
frame_046005.png;1;PED;31;17;40;33; ;;;;
frame_046006.png;1;PED;31;17;40;33; ;;;;
frame_046007.png;1;PED;31;17;40;33; ;;;;
frame_046008.png;1;PED;31;16;40;33; ;;;;
frame_046009.png;1;PED;30;16;40;33; ;;;;
frame_046010.png;1;PED;30;16;40;33; ;;;;
frame_046011.png;1;PED;29;16;40;33; ;;;;
frame_046012.png;1;PED;29;16;40;33; ;;;;
frame_046013.png;1;PED;29;16;40;33; ;;;;
frame_046014.png;1;PED;29;16;40;33; ;;;;
frame_046015.png;1;PED;29;16;40;33; ;;;;
frame_046016.png;1;PED;29;15;39;32; ;;;;
frame_046017.png;1;PED;29;15;39;32; ;;;;
frame_046018.png;1;PED;29;15;39;32; ;;;;
frame_046019.png;1;PED;29;15;39;32; ;;;;
frame_046020.png;1;PED;29;15;39;32; ;;;;
frame_046021.png;1;PED;29;15;39;32; ;;;;
frame_046022.png;1;PED;29;15;38;32; ;;;;
frame_046023.png;1;PED;29;15;38;31; ;;;;
frame_046024.png;1;PED;29;15;38;31; ;;;;
frame_046025.png;1;PED;29;15;38;31; ;;;;
frame_046026.png;1;PED;29;15;38;31; ;;;;
frame_046027.png;1;PED;29;15;38;31; ;;;;
frame_046028.png;1;PED;29;15;38;31; ;;;;
frame_046029.png;1;PED;30;15;38;31; ;;;;
frame_046030.png;1;PED;30;15;38;31; ;;;;
frame_046031.png;1;PED;30;15;38;31; ;;;;
frame_046032.png;1;PED;30;15;38;30; ;;;;
frame_046033.png;1;PED;30;15;38;30; ;;;;
frame_046034.png;1;PED;30;15;38;30; ;;;;
frame_046035.png;1;PED;29;14;38;30; ;;;;
frame_046036.png;1;PED;29;14;38;30; ;;;;
frame_046037.png;1;PED;29;14;38;30; ;;;;
frame_046038.png;1;PED;30;14;38;30; ;;;;
frame_046039.png;1;PED;30;14;38;30; ;;;;
frame_046040.png;1;PED;30;15;38;29; ;;;;
frame_046041.png;1;PED;30;14;38;29; ;;;;
frame_046042.png;1;PED;30;14;38;29; ;;;;
frame_046043.png;1;PED;30;15;38;28; ;;;;
frame_046044.png;1;PED;30;15;38;28; ;;;;
frame_046045.png;1;PED;30;14;38;28; ;;;;
frame_046046.png;1;PED;30;14;38;28; ;;;;
frame_046047.png;1;PED;30;14;38;28; ;;;;
frame_046048.png;1;PED;30;14;38;28; ;;;;
frame_046049.png;1;PED;30;14;38;28; ;;;;
frame_046050.png;1;PED;30;14;39;28; ;;;;
frame_046051.png;1;PED;30;14;39;28; ;;;;
frame_046052.png;1;PED;30;14;39;28; ;;;;
frame_046053.png;1;PED;30;14;39;28; ;;;;
frame_046054.png;1;PED;30;14;39;28; ;;;;
frame_046055.png;1;PED;30;14;40;28; ;;;;
frame_046606.png;1;PED;72;40;79;59; ;;;;
frame_046607.png;1;PED;71;40;79;59; ;;;;
frame_046608.png;1;PED;71;40;79;59; ;;;;
frame_046609.png;1;PED;70;39;79;59; ;;;;
frame_046610.png;1;PED;69;38;79;59; ;;;;
frame_046611.png;1;PED;67;38;79;59; ;;;;
frame_046612.png;1;PED;66;37;79;59; ;;;;
frame_046613.png;1;PED;64;37;79;59; ;;;;
frame_046614.png;1;PED;63;37;78;59; ;;;;
frame_046615.png;1;PED;63;37;77;59; ;;;;
frame_046616.png;1;PED;64;36;75;59; ;;;;
frame_046617.png;1;PED;64;35;75;59; ;;;;
frame_046618.png;1;PED;64;35;74;59; ;;;;
frame_046619.png;1;PED;77;56;79;59; ;;;;
frame_046619.png;2;PED;63;35;73;59; ;;;;
frame_046620.png;1;PED;75;53;79;59; ;;;;
frame_046620.png;2;PED;61;35;72;59; ;;;;
frame_046621.png;1;PED;74;49;79;59; ;;;;
frame_046621.png;2;PED;59;35;71;59; ;;;;
frame_046622.png;1;PED;73;44;79;59; ;;;;
frame_046622.png;2;PED;58;34;71;59; ;;;;
frame_046623.png;1;PED;59;34;68;56; ;;;;
frame_046624.png;1;PED;58;33;69;57; ;;;;
frame_046625.png;1;PED;57;33;68;56; ;;;;
frame_046626.png;1;PED;71;41;79;59; ;;;;
frame_046626.png;2;PED;56;32;67;55; ;;;;
frame_046627.png;1;PED;68;41;79;59; ;;;;
frame_046627.png;2;PED;55;32;66;55; ;;;;
frame_046628.png;1;PED;66;40;78;59; ;;;;
frame_046628.png;2;PED;52;32;66;55; ;;;;
frame_046629.png;1;PED;51;32;64;54; ;;;;
frame_046630.png;1;PED;53;32;63;54; ;;;;
frame_046630.png;2;PED;66;38;75;59; ;;;;
frame_046631.png;1;PED;52;32;62;53; ;;;;
frame_046631.png;2;PED;66;38;74;59; ;;;;
frame_046632.png;1;PED;52;31;61;52; ;;;;
frame_046632.png;2;PED;65;37;73;59; ;;;;
frame_046633.png;1;PED;63;37;75;59; ;;;;
frame_046633.png;2;PED;51;30;61;52; ;;;;
frame_046634.png;1;PED;61;37;74;59; ;;;;
frame_046634.png;2;PED;50;30;61;52; ;;;;
frame_046635.png;1;PED;59;37;74;59; ;;;;
frame_046635.png;2;PED;50;29;60;52; ;;;;
frame_046636.png;1;PED;49;30;58;50; ;;;;
frame_046636.png;2;PED;60;37;71;58; ;;;;
frame_046637.png;1;PED;49;29;57;51; ;;;;
frame_046637.png;2;PED;60;36;70;58; ;;;;
frame_046638.png;1;PED;49;29;56;50; ;;;;
frame_046638.png;2;PED;60;36;70;58; ;;;;
frame_046639.png;1;PED;48;28;55;48; ;;;;
frame_046639.png;2;PED;59;36;70;58; ;;;;
frame_046640.png;1;PED;58;35;69;57; ;;;;
frame_046640.png;2;PED;47;27;58;49; ;;;;
frame_046641.png;1;PED;47;28;55;47; ;;;;
frame_046641.png;2;PED;58;34;67;56; ;;;;
frame_046642.png;1;PED;46;27;55;48; ;;;;
frame_046642.png;2;PED;58;34;65;56; ;;;;
frame_046643.png;1;PED;46;27;54;47; ;;;;
frame_046643.png;2;PED;58;35;65;55; ;;;;
frame_046644.png;1;PED;45;27;53;47; ;;;;
frame_046644.png;2;PED;56;34;65;55; ;;;;
frame_046645.png;1;PED;45;27;53;47; ;;;;
frame_046645.png;2;PED;56;34;64;55; ;;;;
frame_046646.png;1;PED;44;26;53;47; ;;;;
frame_046646.png;2;PED;56;33;64;55; ;;;;
frame_046647.png;1;PED;44;26;52;46; ;;;;
frame_046647.png;2;PED;55;33;63;54; ;;;;
frame_046648.png;1;PED;43;26;52;45; ;;;;
frame_046648.png;2;PED;55;33;62;53; ;;;;
frame_046649.png;1;PED;44;26;51;45; ;;;;
frame_046649.png;2;PED;55;33;62;52; ;;;;
frame_046650.png;1;PED;43;26;50;44; ;;;;
frame_046650.png;2;PED;53;32;62;53; ;;;;
frame_046651.png;1;PED;43;25;50;44; ;;;;
frame_046651.png;2;PED;53;32;61;52; ;;;;
frame_046652.png;1;PED;42;25;49;45; ;;;;
frame_046652.png;2;PED;52;32;60;52; ;;;;
frame_046653.png;1;PED;42;25;49;45; ;;;;
frame_046653.png;2;PED;51;31;60;52; ;;;;
frame_046654.png;1;PED;41;24;49;44; ;;;;
frame_046654.png;2;PED;51;31;59;51; ;;;;
frame_046655.png;1;PED;41;24;49;43; ;;;;
frame_046655.png;2;PED;51;31;58;50; ;;;;
frame_046656.png;1;PED;41;25;48;42; ;;;;
frame_046656.png;2;PED;51;30;57;49; ;;;;
frame_046657.png;1;PED;40;24;48;42; ;;;;
frame_046657.png;2;PED;50;30;57;49; ;;;;
frame_046658.png;1;PED;40;24;48;42; ;;;;
frame_046658.png;2;PED;50;30;56;49; ;;;;
frame_046659.png;1;PED;39;23;47;42; ;;;;
frame_046659.png;2;PED;49;30;56;49; ;;;;
frame_046660.png;1;PED;39;24;47;41; ;;;;
frame_046660.png;2;PED;49;30;55;49; ;;;;
frame_046661.png;1;PED;38;23;46;41; ;;;;
frame_046661.png;2;PED;49;28;55;49; ;;;;
frame_046662.png;1;PED;38;23;46;40; ;;;;
frame_046662.png;2;PED;48;28;55;48; ;;;;
frame_046663.png;1;PED;37;23;45;40; ;;;;
frame_046663.png;2;PED;47;28;55;47; ;;;;
frame_046664.png;1;PED;37;22;45;40; ;;;;
frame_046664.png;2;PED;47;28;54;46; ;;;;
frame_046665.png;1;PED;36;22;44;39; ;;;;
frame_046665.png;2;PED;46;28;54;46; ;;;;
frame_046666.png;1;PED;36;22;44;40; ;;;;
frame_046666.png;2;PED;45;28;54;46; ;;;;
frame_046667.png;1;PED;36;23;43;39; ;;;;
frame_046667.png;2;PED;45;28;53;46; ;;;;
frame_046668.png;1;PED;35;22;43;40; ;;;;
frame_046668.png;2;PED;45;27;53;45; ;;;;
frame_046669.png;1;PED;35;22;43;39; ;;;;
frame_046669.png;2;PED;44;27;52;45; ;;;;
frame_046670.png;1;PED;34;22;42;38; ;;;;
frame_046670.png;2;PED;43;27;52;45; ;;;;
frame_046671.png;1;PED;34;21;41;37; ;;;;
frame_046671.png;2;PED;44;26;50;44; ;;;;
frame_046672.png;1;PED;34;21;40;37; ;;;;
frame_046672.png;2;PED;43;26;50;44; ;;;;
frame_046673.png;1;PED;33;21;40;37; ;;;;
frame_046673.png;2;PED;43;26;50;44; ;;;;
frame_046674.png;1;PED;33;21;40;37; ;;;;
frame_046674.png;2;PED;43;26;50;44; ;;;;
frame_046675.png;1;PED;33;21;39;37; ;;;;
frame_046675.png;2;PED;43;26;49;44; ;;;;
frame_046676.png;1;PED;32;20;39;37; ;;;;
frame_046676.png;2;PED;42;26;49;44; ;;;;
frame_046677.png;1;PED;32;20;39;36; ;;;;
frame_046677.png;2;PED;42;26;49;43; ;;;;
frame_046678.png;1;PED;31;20;38;35; ;;;;
frame_046678.png;2;PED;41;25;48;42; ;;;;
frame_046679.png;1;PED;31;19;38;35; ;;;;
frame_046679.png;2;PED;41;24;48;43; ;;;;
frame_046680.png;1;PED;31;20;38;35; ;;;;
frame_046680.png;2;PED;41;24;48;42; ;;;;
frame_046681.png;1;PED;31;19;38;35; ;;;;
frame_046681.png;2;PED;41;24;48;42; ;;;;
frame_046682.png;1;PED;31;19;37;35; ;;;;
frame_046682.png;2;PED;40;25;48;42; ;;;;
frame_046683.png;1;PED;31;19;37;35; ;;;;
frame_046683.png;2;PED;40;24;47;42; ;;;;
frame_046684.png;1;PED;30;18;37;34; ;;;;
frame_046684.png;2;PED;40;24;47;41; ;;;;
frame_046685.png;1;PED;30;18;36;33; ;;;;
frame_046685.png;2;PED;39;23;47;40; ;;;;
frame_046686.png;1;PED;30;18;36;33; ;;;;
frame_046686.png;2;PED;39;23;47;40; ;;;;
frame_046687.png;1;PED;30;18;36;34; ;;;;
frame_046687.png;2;PED;39;24;46;40; ;;;;
frame_046688.png;1;PED;30;18;36;33; ;;;;
frame_046688.png;2;PED;39;23;46;40; ;;;;
frame_046689.png;1;PED;29;18;36;33; ;;;;
frame_046689.png;2;PED;39;23;46;40; ;;;;
frame_046690.png;1;PED;30;18;36;33; ;;;;
frame_046690.png;2;PED;39;23;45;39; ;;;;
frame_046691.png;1;PED;29;19;35;33; ;;;;
frame_046691.png;2;PED;38;23;45;39; ;;;;
frame_046692.png;1;PED;29;18;36;33; ;;;;
frame_046692.png;2;PED;38;23;45;38; ;;;;
frame_046693.png;1;PED;29;18;35;33; ;;;;
frame_046693.png;2;PED;39;22;44;38; ;;;;
frame_046694.png;1;PED;28;17;35;34; ;;;;
frame_046694.png;2;PED;38;23;45;38; ;;;;
frame_046695.png;1;PED;29;18;35;33; ;;;;
frame_046695.png;2;PED;38;23;44;38; ;;;;
frame_046696.png;1;PED;29;18;34;33; ;;;;
frame_046696.png;2;PED;37;23;44;39; ;;;;
frame_046697.png;1;PED;29;18;34;33; ;;;;
frame_046697.png;2;PED;37;22;44;38; ;;;;
frame_046698.png;1;PED;29;18;34;33; ;;;;
frame_046698.png;2;PED;37;22;44;38; ;;;;
frame_046699.png;1;PED;29;18;34;33; ;;;;
frame_046699.png;2;PED;36;21;43;37; ;;;;
frame_046700.png;1;PED;29;18;34;33; ;;;;
frame_046700.png;2;PED;36;21;43;37; ;;;;
frame_046701.png;1;PED;29;18;34;33; ;;;;
frame_046701.png;2;PED;36;21;43;37; ;;;;
frame_046702.png;1;PED;29;18;34;33; ;;;;
frame_046702.png;2;PED;36;21;43;37; ;;;;
frame_046703.png;1;PED;29;18;34;33; ;;;;
frame_046703.png;2;PED;36;21;42;36; ;;;;
frame_046704.png;1;PED;29;18;34;33; ;;;;
frame_046704.png;2;PED;36;21;42;36; ;;;;
frame_046705.png;1;PED;29;18;34;33; ;;;;
frame_046705.png;2;PED;36;21;42;36; ;;;;
frame_046706.png;1;PED;29;18;34;33; ;;;;
frame_046706.png;2;PED;36;21;42;36; ;;;;
frame_046707.png;1;PED;29;18;34;33; ;;;;
frame_046707.png;2;PED;36;20;42;35; ;;;;
frame_046708.png;1;PED;29;18;34;33; ;;;;
frame_046708.png;2;PED;36;20;42;35; ;;;;
frame_046709.png;1;PED;29;18;34;33; ;;;;
frame_046709.png;2;PED;36;20;42;35; ;;;;
frame_046710.png;1;PED;29;18;34;33; ;;;;
frame_046710.png;2;PED;36;20;42;35; ;;;;
frame_046711.png;1;PED;29;18;34;33; ;;;;
frame_046711.png;2;PED;36;20;42;35; ;;;;
frame_046712.png;1;PED;29;18;34;33; ;;;;
frame_046712.png;2;PED;35;20;41;35; ;;;;
frame_046713.png;1;PED;29;18;34;33; ;;;;
frame_046713.png;2;PED;35;20;41;35; ;;;;
frame_046714.png;1;PED;29;18;34;33; ;;;;
frame_046714.png;2;PED;35;20;41;35; ;;;;
frame_046715.png;1;PED;29;18;34;33; ;;;;
frame_046715.png;2;PED;35;20;41;35; ;;;;
frame_046716.png;1;PED;29;18;34;33; ;;;;
frame_046716.png;2;PED;34;20;40;35; ;;;;
frame_046717.png;1;PED;29;18;34;33; ;;;;
frame_046717.png;2;PED;34;20;40;35; ;;;;
frame_046718.png;1;PED;29;18;34;33; ;;;;
frame_046718.png;2;PED;34;20;40;35; ;;;;
frame_046719.png;1;PED;29;18;34;33; ;;;;
frame_046719.png;2;PED;34;20;40;35; ;;;;
frame_046720.png;1;PED;29;18;34;33; ;;;;
frame_046720.png;2;PED;34;20;40;35; ;;;;
frame_046721.png;1;PED;29;18;34;33; ;;;;
frame_046721.png;2;PED;34;20;40;35; ;;;;
frame_046722.png;1;PED;29;18;34;33; ;;;;
frame_046722.png;2;PED;34;20;40;35; ;;;;
frame_046723.png;1;PED;29;18;34;33; ;;;;
frame_046723.png;2;PED;34;20;40;35; ;;;;
frame_046724.png;1;PED;29;18;34;33; ;;;;
frame_046724.png;2;PED;34;20;40;35; ;;;;
frame_046725.png;1;PED;29;18;34;33; ;;;;
frame_046725.png;2;PED;34;20;40;35; ;;;;
frame_046726.png;1;PED;29;18;34;33; ;;;;
frame_046726.png;2;PED;34;20;40;35; ;;;;
frame_046727.png;1;PED;29;18;34;33; ;;;;
frame_046727.png;2;PED;34;20;40;35; ;;;;
frame_046728.png;1;PED;29;18;34;33; ;;;;
frame_046728.png;2;PED;34;20;40;35; ;;;;
frame_046729.png;1;PED;29;18;34;33; ;;;;
frame_046729.png;2;PED;34;20;40;35; ;;;;
frame_046730.png;1;PED;29;18;34;33; ;;;;
frame_046730.png;2;PED;34;20;40;35; ;;;;
frame_046731.png;1;PED;29;18;34;33; ;;;;
frame_046731.png;2;PED;34;20;40;35; ;;;;
frame_046732.png;1;PED;29;18;34;33; ;;;;
frame_046732.png;2;PED;34;20;40;35; ;;;;
frame_046733.png;1;PED;29;18;34;33; ;;;;
frame_046733.png;2;PED;34;20;40;35; ;;;;
frame_046734.png;1;PED;29;18;34;33; ;;;;
frame_046734.png;2;PED;34;20;40;35; ;;;;
frame_046735.png;1;PED;29;18;34;33; ;;;;
frame_046735.png;2;PED;34;20;40;35; ;;;;
frame_046736.png;1;PED;29;18;34;33; ;;;;
frame_046736.png;2;PED;34;20;40;35; ;;;;
frame_046737.png;1;PED;29;18;34;33; ;;;;
frame_046737.png;2;PED;34;20;40;35; ;;;;
frame_046738.png;1;PED;29;18;34;33; ;;;;
frame_046738.png;2;PED;34;20;40;35; ;;;;
frame_046739.png;1;PED;29;18;34;33; ;;;;
frame_046739.png;2;PED;34;20;40;35; ;;;;
frame_046740.png;1;PED;29;18;34;33; ;;;;
frame_046740.png;2;PED;34;20;40;35; ;;;;
frame_046741.png;1;PED;29;18;34;33; ;;;;
frame_046741.png;2;PED;34;20;40;35; ;;;;
frame_046742.png;1;PED;29;18;34;33; ;;;;
frame_046742.png;2;PED;34;20;40;35; ;;;;
frame_046743.png;1;PED;29;18;34;33; ;;;;
frame_046743.png;2;PED;34;20;40;35; ;;;;
frame_046744.png;1;PED;29;18;34;33; ;;;;
frame_046744.png;2;PED;34;20;40;35; ;;;;
frame_046745.png;1;PED;29;18;34;33; ;;;;
frame_046745.png;2;PED;34;20;40;35; ;;;;
frame_046746.png;1;PED;29;18;34;33; ;;;;
frame_046746.png;2;PED;34;20;40;35; ;;;;
frame_046747.png;1;PED;29;18;34;33; ;;;;
frame_046747.png;2;PED;34;20;40;35; ;;;;
frame_046748.png;1;PED;29;18;34;33; ;;;;
frame_046748.png;2;PED;34;20;40;35; ;;;;
frame_046749.png;1;PED;29;18;34;33; ;;;;
frame_046749.png;2;PED;34;20;40;35; ;;;;
frame_046750.png;1;PED;29;18;34;33; ;;;;
frame_046750.png;2;PED;34;20;40;35; ;;;;
frame_046751.png;1;PED;29;18;34;33; ;;;;
frame_046751.png;2;PED;34;20;40;35; ;;;;
frame_046752.png;1;PED;29;18;34;33; ;;;;
frame_046752.png;2;PED;34;20;40;35; ;;;;
frame_046753.png;1;PED;29;18;34;33; ;;;;
frame_046753.png;2;PED;34;20;40;35; ;;;;
frame_046754.png;1;PED;29;18;34;33; ;;;;
frame_046754.png;2;PED;34;20;40;35; ;;;;
frame_046755.png;1;PED;29;18;34;33; ;;;;
frame_046755.png;2;PED;34;20;40;35; ;;;;
frame_046756.png;1;PED;29;18;34;33; ;;;;
frame_046756.png;2;PED;34;20;40;35; ;;;;
frame_046757.png;1;PED;29;18;34;33; ;;;;
frame_046757.png;2;PED;34;20;40;35; ;;;;
frame_046758.png;1;PED;29;18;34;33; ;;;;
frame_046758.png;2;PED;34;20;40;35; ;;;;
frame_046759.png;1;PED;29;18;34;33; ;;;;
frame_046759.png;2;PED;34;20;40;35; ;;;;
frame_046760.png;1;PED;29;18;34;33; ;;;;
frame_046760.png;2;PED;34;20;40;35; ;;;;
frame_046761.png;1;PED;29;18;34;33; ;;;;
frame_046761.png;2;PED;34;20;40;35; ;;;;
frame_046762.png;1;PED;29;18;34;33; ;;;;
frame_046762.png;2;PED;34;20;40;35; ;;;;
frame_046763.png;1;PED;29;18;34;33; ;;;;
frame_046763.png;2;PED;34;20;40;35; ;;;;
frame_046764.png;1;PED;29;18;34;33; ;;;;
frame_046764.png;2;PED;34;20;40;35; ;;;;
frame_046765.png;1;PED;29;18;34;33; ;;;;
frame_046765.png;2;PED;34;20;40;35; ;;;;
frame_046766.png;1;PED;29;18;34;33; ;;;;
frame_046766.png;2;PED;34;20;40;35; ;;;;
frame_046767.png;1;PED;29;18;34;33; ;;;;
frame_046767.png;2;PED;34;20;40;35; ;;;;
frame_046768.png;1;PED;29;18;34;33; ;;;;
frame_046768.png;2;PED;34;20;40;35; ;;;;
frame_046769.png;1;PED;29;18;34;33; ;;;;
frame_046769.png;2;PED;34;20;40;35; ;;;;
frame_046770.png;1;PED;29;18;34;33; ;;;;
frame_046770.png;2;PED;34;20;40;35; ;;;;
frame_046771.png;1;PED;29;18;34;33; ;;;;
frame_046771.png;2;PED;34;20;40;35; ;;;;
frame_046772.png;1;PED;29;18;34;33; ;;;;
frame_046772.png;2;PED;34;20;40;35; ;;;;
frame_046773.png;1;PED;29;18;34;33; ;;;;
frame_046773.png;2;PED;34;20;40;35; ;;;;
frame_046774.png;1;PED;29;18;34;33; ;;;;
frame_046774.png;2;PED;34;20;40;35; ;;;;
frame_046775.png;1;PED;29;18;34;33; ;;;;
frame_046775.png;2;PED;34;20;40;35; ;;;;
frame_046776.png;1;PED;29;18;34;33; ;;;;
frame_046776.png;2;PED;34;20;40;35; ;;;;
frame_046777.png;1;PED;29;18;34;33; ;;;;
frame_046777.png;2;PED;34;20;40;35; ;;;;
frame_046778.png;1;PED;29;18;34;33; ;;;;
frame_046778.png;2;PED;34;20;40;35; ;;;;
frame_046779.png;1;PED;29;18;34;33; ;;;;
frame_046779.png;2;PED;34;20;40;35; ;;;;
frame_046780.png;1;PED;29;18;34;33; ;;;;
frame_046780.png;2;PED;34;20;40;35; ;;;;
frame_046781.png;1;PED;29;18;34;33; ;;;;
frame_046781.png;2;PED;34;20;40;35; ;;;;
frame_046782.png;1;PED;29;18;34;33; ;;;;
frame_046782.png;2;PED;34;20;40;35; ;;;;
frame_046783.png;1;PED;29;18;34;33; ;;;;
frame_046783.png;2;PED;34;20;40;35; ;;;;
frame_046784.png;1;PED;29;18;34;33; ;;;;
frame_046784.png;2;PED;34;20;40;35; ;;;;
frame_046785.png;1;PED;29;18;34;33; ;;;;
frame_046785.png;2;PED;34;20;40;35; ;;;;
frame_046786.png;1;PED;29;18;34;33; ;;;;
frame_046786.png;2;PED;34;20;40;35; ;;;;
frame_046787.png;1;PED;29;18;34;33; ;;;;
frame_046787.png;2;PED;34;20;40;35; ;;;;
frame_046788.png;1;PED;29;18;34;33; ;;;;
frame_046788.png;2;PED;34;20;40;35; ;;;;
frame_046789.png;1;PED;29;18;34;33; ;;;;
frame_046789.png;2;PED;34;20;40;35; ;;;;
frame_046790.png;1;PED;29;18;34;33; ;;;;
frame_046790.png;2;PED;34;20;40;35; ;;;;
frame_046791.png;1;PED;29;18;34;33; ;;;;
frame_046791.png;2;PED;34;20;40;35; ;;;;
frame_046792.png;1;PED;29;18;34;33; ;;;;
frame_046792.png;2;PED;34;20;40;35; ;;;;
frame_046793.png;1;PED;29;18;34;33; ;;;;
frame_046793.png;2;PED;34;20;40;35; ;;;;
frame_046794.png;1;PED;29;18;34;33; ;;;;
frame_046794.png;2;PED;34;20;40;35; ;;;;
frame_046795.png;1;PED;29;18;34;33; ;;;;
frame_046795.png;2;PED;34;20;40;35; ;;;;
frame_046796.png;1;PED;29;18;34;33; ;;;;
frame_046796.png;2;PED;34;20;40;35; ;;;;
frame_046797.png;1;PED;29;18;34;33; ;;;;
frame_046797.png;2;PED;34;20;40;35; ;;;;
frame_046798.png;1;PED;29;18;34;33; ;;;;
frame_046798.png;2;PED;34;20;40;35; ;;;;
frame_046799.png;1;PED;29;18;34;33; ;;;;
frame_046799.png;2;PED;34;20;40;35; ;;;;
frame_046800.png;1;PED;29;18;34;33; ;;;;
frame_046800.png;2;PED;34;20;40;35; ;;;;
frame_046801.png;1;PED;29;18;34;33; ;;;;
frame_046801.png;2;PED;34;20;40;35; ;;;;
frame_046802.png;1;PED;29;18;34;33; ;;;;
frame_046802.png;2;PED;34;20;40;35; ;;;;
frame_046803.png;1;PED;29;18;34;33; ;;;;
frame_046803.png;2;PED;34;20;40;35; ;;;;
frame_046804.png;1;PED;29;18;34;33; ;;;;
frame_046804.png;2;PED;34;20;40;35; ;;;;
frame_046805.png;1;PED;29;18;34;33; ;;;;
frame_046805.png;2;PED;34;20;40;35; ;;;;
frame_046806.png;1;PED;29;18;34;33; ;;;;
frame_046806.png;2;PED;34;20;40;35; ;;;;
frame_046807.png;1;PED;29;18;34;33; ;;;;
frame_046807.png;2;PED;34;20;40;35; ;;;;
frame_046808.png;1;PED;29;18;34;33; ;;;;
frame_046808.png;2;PED;34;20;40;35; ;;;;
frame_046809.png;1;PED;29;18;34;33; ;;;;
frame_046809.png;2;PED;34;20;40;35; ;;;;
frame_046810.png;1;PED;29;18;34;33; ;;;;
frame_046810.png;2;PED;34;20;40;35; ;;;;
frame_046811.png;1;PED;29;18;34;33; ;;;;
frame_046811.png;2;PED;34;20;40;35; ;;;;
frame_046812.png;1;PED;29;18;34;33; ;;;;
frame_046812.png;2;PED;35;20;41;35; ;;;;
frame_046813.png;1;PED;30;18;35;33; ;;;;
frame_046813.png;2;PED;35;20;41;35; ;;;;
frame_046814.png;1;PED;30;18;35;33; ;;;;
frame_046814.png;2;PED;35;20;41;35; ;;;;
frame_046815.png;1;PED;30;18;35;33; ;;;;
frame_046815.png;2;PED;35;20;41;35; ;;;;
frame_046816.png;1;PED;30;18;35;33; ;;;;
frame_046816.png;2;PED;35;20;41;35; ;;;;
frame_046817.png;1;PED;30;18;35;33; ;;;;
frame_046817.png;2;PED;35;20;41;35; ;;;;
frame_046818.png;1;PED;30;18;35;33; ;;;;
frame_046818.png;2;PED;35;20;41;35; ;;;;
frame_046819.png;1;PED;30;18;35;33; ;;;;
frame_046819.png;2;PED;34;19;40;34; ;;;;
frame_046820.png;1;PED;30;18;35;33; ;;;;
frame_046820.png;2;PED;34;19;40;34; ;;;;
frame_046821.png;1;PED;30;18;35;33; ;;;;
frame_046821.png;2;PED;34;19;40;34; ;;;;
frame_046822.png;1;PED;30;18;35;33; ;;;;
frame_046822.png;2;PED;34;19;40;34; ;;;;
frame_046823.png;1;PED;29;17;35;32; ;;;;
frame_046823.png;2;PED;34;19;40;34; ;;;;
frame_046824.png;1;PED;29;17;35;32; ;;;;
frame_046824.png;2;PED;34;19;40;34; ;;;;
frame_046825.png;1;PED;29;17;35;32; ;;;;
frame_046825.png;2;PED;34;19;40;34; ;;;;
frame_046826.png;1;PED;29;17;35;32; ;;;;
frame_046826.png;2;PED;34;19;40;34; ;;;;
frame_046827.png;1;PED;29;17;35;32; ;;;;
frame_046827.png;2;PED;33;19;39;34; ;;;;
frame_046828.png;1;PED;29;17;35;32; ;;;;
frame_046828.png;2;PED;33;19;39;34; ;;;;
frame_046829.png;1;PED;29;17;35;32; ;;;;
frame_046829.png;2;PED;33;19;39;34; ;;;;
frame_046830.png;1;PED;29;17;35;32; ;;;;
frame_046830.png;2;PED;33;19;39;34; ;;;;
frame_046831.png;1;PED;29;17;35;32; ;;;;
frame_046831.png;2;PED;33;19;39;34; ;;;;
frame_046832.png;1;PED;29;17;35;32; ;;;;
frame_046832.png;2;PED;33;18;39;32; ;;;;
frame_046833.png;1;PED;29;17;35;32; ;;;;
frame_046833.png;2;PED;33;18;39;32; ;;;;
frame_046834.png;1;PED;29;16;35;29; ;;;;
frame_046834.png;2;PED;33;18;39;32; ;;;;
frame_046835.png;1;PED;29;16;35;29; ;;;;
frame_046835.png;2;PED;33;18;39;32; ;;;;
frame_046836.png;1;PED;29;16;35;29; ;;;;
frame_046836.png;2;PED;33;18;39;32; ;;;;
frame_046837.png;1;PED;29;16;35;29; ;;;;
frame_046837.png;2;PED;33;18;39;32; ;;;;
frame_046838.png;1;PED;29;17;38;31; ;;;;
frame_046839.png;1;PED;29;17;38;31; ;;;;
frame_046840.png;1;PED;29;17;38;31; ;;;;
frame_046841.png;1;PED;29;17;38;31; ;;;;
frame_046842.png;1;PED;29;17;38;31; ;;;;
frame_046843.png;1;PED;29;17;38;31; ;;;;
frame_046844.png;1;PED;29;17;38;31; ;;;;
frame_046845.png;1;PED;30;16;38;30; ;;;;
frame_046846.png;1;PED;30;16;38;30; ;;;;
frame_046847.png;1;PED;30;16;38;30; ;;;;
frame_046848.png;1;PED;30;16;38;30; ;;;;
frame_046849.png;1;PED;30;16;38;30; ;;;;
frame_046850.png;1;PED;30;16;38;30; ;;;;
frame_046851.png;1;PED;30;16;38;30; ;;;;
frame_046852.png;1;PED;30;16;38;30; ;;;;
frame_046853.png;1;PED;30;16;38;30; ;;;;
frame_046854.png;1;PED;30;16;38;30; ;;;;
frame_046855.png;1;PED;30;16;38;30; ;;;;
frame_046856.png;1;PED;30;16;38;30; ;;;;
frame_046857.png;1;PED;30;16;38;30; ;;;;
frame_046858.png;1;PED;30;16;38;30; ;;;;
frame_046859.png;1;PED;30;16;38;30; ;;;;
frame_046860.png;1;PED;30;15;38;29; ;;;;
frame_046861.png;1;PED;30;15;38;29; ;;;;
frame_046862.png;1;PED;30;15;38;29; ;;;;
frame_046863.png;1;PED;30;15;38;29; ;;;;
frame_046864.png;1;PED;30;15;38;29; ;;;;
frame_046865.png;1;PED;30;15;38;29; ;;;;
frame_046866.png;1;PED;31;15;38;30; ;;;;
frame_046867.png;1;PED;31;15;38;30; ;;;;
frame_046868.png;1;PED;31;15;38;30; ;;;;
frame_046869.png;1;PED;31;15;38;30; ;;;;
frame_046870.png;1;PED;31;15;38;29; ;;;;
frame_046871.png;1;PED;31;15;39;29; ;;;;
frame_046872.png;1;PED;31;15;39;29; ;;;;
frame_046873.png;1;PED;31;15;39;29; ;;;;
frame_046874.png;1;PED;31;15;39;29; ;;;;
frame_046875.png;1;PED;31;15;39;29; ;;;;
frame_046876.png;1;PED;31;15;39;29; ;;;;
frame_046877.png;1;PED;31;15;39;29; ;;;;
frame_046878.png;1;PED;31;15;40;29; ;;;;
frame_046879.png;1;PED;31;15;40;29; ;;;;
frame_046880.png;1;PED;31;15;40;29; ;;;;
frame_046881.png;1;PED;31;15;40;28; ;;;;
frame_046882.png;1;PED;31;15;40;28; ;;;;
frame_046883.png;1;PED;31;15;40;28; ;;;;
frame_051279.png;1;MTB;35;17;42;26; ;;;;
frame_051280.png;1;MTB;34;18;42;27; ;;;;
frame_051281.png;1;MTB;33;19;41;28; ;;;;
frame_051282.png;1;MTB;33;19;41;29; ;;;;
frame_051283.png;1;MTB;33;20;42;31; ;;;;
frame_051284.png;1;MTB;33;21;43;33; ;;;;
frame_051285.png;1;MTB;34;22;45;35; ;;;;
frame_051286.png;1;MTB;36;24;48;38; ;;;;
frame_051287.png;1;MTB;39;26;52;41; ;;;;
frame_051288.png;1;MTB;42;28;56;45; ;;;;
frame_051289.png;1;MTB;47;31;62;49; ;;;;
frame_051290.png;1;MTB;53;35;69;51; ;;;;
frame_051291.png;1;MTB;60;40;78;57; ;;;;
frame_058239.png;1;MTB;33;18;42;28; ;;;;
frame_058240.png;1;MTB;33;18;42;29; ;;;;
frame_058241.png;1;MTB;33;18;42;31; ;;;;
frame_058242.png;1;MTB;34;19;43;32; ;;;;
frame_058243.png;1;MTB;35;20;45;34; ;;;;
frame_058244.png;1;MTB;36;21;47;36; ;;;;
frame_058245.png;1;MTB;38;22;49;38; ;;;;
frame_058246.png;1;MTB;40;23;52;40; ;;;;
frame_058247.png;1;MTB;43;25;55;43; ;;;;
frame_058248.png;1;MTB;46;27;59;46; ;;;;
frame_058249.png;1;MTB;50;30;64;50; ;;;;
frame_058250.png;1;MTB;54;33;70;53; ;;;;
frame_058251.png;1;MTB;59;36;77;58; ;;;;
frame_058252.png;1;MTB;67;40;79;59; ;;;;
frame_059610.png;1;MTB;36;15;44;26; ;;;;
frame_059611.png;1;MTB;34;15;43;26; ;;;;
frame_059612.png;1;MTB;33;16;42;27; ;;;;
frame_059613.png;1;MTB;32;17;41;28; ;;;;
frame_059614.png;1;MTB;32;17;41;29; ;;;;
frame_059615.png;1;MTB;32;18;41;31; ;;;;
frame_059616.png;1;MTB;32;18;42;32; ;;;;
frame_059617.png;1;MTB;33;19;43;34; ;;;;
frame_059618.png;1;MTB;34;20;45;35; ;;;;
frame_059619.png;1;MTB;36;20;47;37; ;;;;
frame_059620.png;1;MTB;38;21;49;39; ;;;;
frame_059621.png;1;MTB;40;23;52;42; ;;;;
frame_059622.png;1;MTB;42;25;55;45; ;;;;
frame_059623.png;1;MTB;45;27;59;48; ;;;;
frame_059624.png;1;MTB;49;29;64;52; ;;;;
frame_059625.png;1;MTB;52;32;69;56; ;;;;
frame_059626.png;1;MTB;57;35;75;59; ;;;;
frame_059627.png;1;MTB;62;39;79;59; ;;;;
frame_064492.png;1;MTB;34;16;42;27; ;;;;
frame_064493.png;1;MTB;33;16;41;27; ;;;;
frame_064494.png;1;MTB;32;16;41;28; ;;;;
frame_064495.png;1;MTB;32;17;40;29; ;;;;
frame_064496.png;1;MTB;32;17;40;30; ;;;;
frame_064497.png;1;MTB;32;18;41;31; ;;;;
frame_064498.png;1;MTB;32;18;42;32; ;;;;
frame_064499.png;1;MTB;33;19;43;33; ;;;;
frame_064500.png;1;MTB;34;20;44;35; ;;;;
frame_064501.png;1;MTB;36;21;47;37; ;;;;
frame_064502.png;1;MTB;37;22;49;39; ;;;;
frame_064503.png;1;MTB;40;24;53;42; ;;;;
frame_064504.png;1;MTB;42;26;56;45; ;;;;
frame_064505.png;1;MTB;46;28;61;48; ;;;;
frame_064506.png;1;MTB;50;31;66;51; ;;;;
frame_064507.png;1;MTB;55;34;72;55; ;;;;
frame_064508.png;1;MTB;61;37;79;56; ;;;;
frame_064509.png;1;MTB;67;42;79;59; ;;;;
frame_064665.png;1;MTB;32;17;41;31; ;;;;
frame_064666.png;1;MTB;32;18;41;32; ;;;;
frame_064667.png;1;MTB;33;19;42;33; ;;;;
frame_064668.png;1;MTB;34;19;43;34; ;;;;
frame_064669.png;1;MTB;35;20;45;36; ;;;;
frame_064670.png;1;MTB;36;21;47;37; ;;;;
frame_064671.png;1;MTB;38;22;49;39; ;;;;
frame_064672.png;1;MTB;39;23;51;41; ;;;;
frame_064673.png;1;MTB;42;25;55;44; ;;;;
frame_064674.png;1;MTB;45;27;58;46; ;;;;
frame_064675.png;1;MTB;48;29;63;49; ;;;;
frame_064676.png;1;MTB;52;31;68;53; ;;;;
frame_064677.png;1;MTB;57;34;74;56; ;;;;
frame_064678.png;1;MTB;62;38;79;59; ;;;;
frame_066764.png;1;MTB;34;18;42;28; ;;;;
frame_066765.png;1;MTB;34;19;42;30; ;;;;
frame_066766.png;1;MTB;34;20;43;31; ;;;;
frame_066767.png;1;MTB;35;20;44;33; ;;;;
frame_066768.png;1;MTB;36;21;46;34; ;;;;
frame_066769.png;1;MTB;38;23;49;37; ;;;;
frame_066770.png;1;MTB;41;24;52;38; ;;;;
frame_066771.png;1;MTB;44;26;56;41; ;;;;
frame_066772.png;1;MTB;49;29;61;44; ;;;;
frame_066773.png;1;MTB;54;32;67;48; ;;;;
frame_066774.png;1;MTB;60;35;76;53; ;;;;
frame_066775.png;1;MTB;68;40;79;58; ;;;;
frame_077664.png;1;MTB;34;19;44;34; ;;;;
frame_077665.png;1;MTB;35;20;46;36; ;;;;
frame_077666.png;1;MTB;37;21;49;37; ;;;;
frame_077667.png;1;MTB;39;23;51;40; ;;;;
frame_077668.png;1;MTB;42;25;54;42; ;;;;
frame_077669.png;1;MTB;45;27;58;45; ;;;;
frame_077670.png;1;MTB;49;29;62;48; ;;;;
frame_077671.png;1;MTB;53;32;67;49; ;;;;
frame_077672.png;1;MTB;58;35;74;53; ;;;;
frame_077673.png;1;MTB;64;38;79;57; ;;;;
frame_077728.png;1;MTB;33;18;42;28; ;;;;
frame_077729.png;1;MTB;33;18;42;28; ;;;;
frame_077730.png;1;MTB;32;19;42;29; ;;;;
frame_077731.png;1;MTB;32;19;42;32; ;;;;
frame_077732.png;1;MTB;33;20;44;33; ;;;;
frame_077733.png;1;MTB;35;21;46;36; ;;;;
frame_077734.png;1;MTB;37;23;49;38; ;;;;
frame_077735.png;1;MTB;39;24;53;41; ;;;;
frame_077736.png;1;MTB;43;27;58;43; ;;;;
frame_077737.png;1;MTB;47;29;63;46; ;;;;
frame_077738.png;1;MTB;53;33;70;50; ;;;;
frame_077739.png;1;MTB;60;37;79;55; ;;;;
frame_077869.png;1;MTB;33;19;42;33; ;;;;
frame_077870.png;1;MTB;34;19;44;35; ;;;;
frame_077871.png;1;MTB;35;20;45;36; ;;;;
frame_077872.png;1;MTB;37;21;47;38; ;;;;
frame_077873.png;1;MTB;38;23;50;40; ;;;;
frame_077874.png;1;MTB;40;24;52;42; ;;;;
frame_077875.png;1;MTB;43;26;56;45; ;;;;
frame_077876.png;1;MTB;46;28;60;47; ;;;;
frame_077877.png;1;MTB;50;30;65;50; ;;;;
frame_077878.png;1;MTB;54;33;70;54; ;;;;
frame_077879.png;1;MTB;59;36;76;57; ;;;;
frame_077880.png;1;MTB;65;40;79;59; ;;;;
frame_079729.png;1;MTB;33;19;43;32; ;;;;
frame_079730.png;1;MTB;33;20;44;34; ;;;;
frame_079731.png;1;MTB;34;21;46;37; ;;;;
frame_079732.png;1;MTB;36;22;48;39; ;;;;
frame_079733.png;1;MTB;38;23;51;42; ;;;;
frame_079734.png;1;MTB;41;25;55;45; ;;;;
frame_079735.png;1;MTB;45;27;60;48; ;;;;
frame_079736.png;1;MTB;49;30;65;49; ;;;;
frame_079737.png;1;MTB;54;33;72;57; ;;;;
frame_079738.png;1;MTB;60;37;79;57; ;;;;
frame_079774.png;1;MTB;32;18;41;29; ;;;;
frame_079775.png;1;MTB;32;18;41;30; ;;;;
frame_079776.png;1;MTB;32;19;41;32; ;;;;
frame_079777.png;1;MTB;32;20;42;33; ;;;;
frame_079778.png;1;MTB;33;21;44;34; ;;;;
frame_079779.png;1;MTB;34;22;46;36; ;;;;
frame_079780.png;1;MTB;35;23;49;41; ;;;;
frame_079781.png;1;MTB;38;25;52;44; ;;;;
frame_079782.png;1;MTB;41;27;56;47; ;;;;
frame_079783.png;1;MTB;45;30;62;51; ;;;;
frame_079784.png;1;MTB;50;33;68;55; ;;;;
frame_079785.png;1;MTB;56;37;76;59; ;;;;
frame_079786.png;1;MTB;63;42;79;59; ;;;;
frame_091045.png;1;PED;36;16;41;25; ;;;;
frame_091045.png;2;PED;41;13;46;22; ;;;;
frame_091046.png;1;PED;36;16;41;25; ;;;;
frame_091046.png;2;PED;41;13;46;22; ;;;;
frame_091047.png;1;PED;36;16;41;25; ;;;;
frame_091047.png;2;PED;41;13;46;22; ;;;;
frame_091048.png;1;PED;36;16;41;25; ;;;;
frame_091048.png;2;PED;41;13;46;22; ;;;;
frame_091049.png;1;PED;36;16;41;25; ;;;;
frame_091049.png;2;PED;41;13;46;22; ;;;;
frame_091050.png;1;PED;36;16;41;25; ;;;;
frame_091050.png;2;PED;41;13;46;22; ;;;;
frame_091051.png;1;PED;35;16;40;25; ;;;;
frame_091051.png;2;PED;41;13;46;22; ;;;;
frame_091052.png;1;PED;35;16;40;25; ;;;;
frame_091052.png;2;PED;41;13;46;22; ;;;;
frame_091053.png;1;PED;35;16;40;25; ;;;;
frame_091053.png;2;PED;41;13;46;22; ;;;;
frame_091054.png;1;PED;35;16;40;25; ;;;;
frame_091054.png;2;PED;41;13;46;22; ;;;;
frame_091055.png;1;PED;34;17;39;26; ;;;;
frame_091055.png;2;PED;41;13;46;22; ;;;;
frame_091056.png;1;PED;34;17;39;26; ;;;;
frame_091056.png;2;PED;41;13;46;22; ;;;;
frame_091057.png;1;PED;34;17;39;26; ;;;;
frame_091057.png;2;PED;41;13;46;22; ;;;;
frame_091058.png;1;PED;34;17;39;26; ;;;;
frame_091058.png;2;PED;41;13;46;22; ;;;;
frame_091059.png;1;PED;34;17;39;26; ;;;;
frame_091059.png;2;PED;41;13;46;22; ;;;;
frame_091060.png;1;PED;33;17;38;26; ;;;;
frame_091060.png;2;PED;41;13;46;22; ;;;;
frame_091061.png;1;PED;33;17;38;26; ;;;;
frame_091061.png;2;PED;41;13;46;22; ;;;;
frame_091062.png;1;PED;33;17;38;26; ;;;;
frame_091062.png;2;PED;41;13;46;22; ;;;;
frame_091063.png;1;PED;33;17;38;26; ;;;;
frame_091063.png;2;PED;41;13;46;22; ;;;;
frame_091064.png;1;PED;33;17;38;26; ;;;;
frame_091064.png;2;PED;41;13;46;22; ;;;;
frame_091065.png;1;PED;33;17;38;26; ;;;;
frame_091065.png;2;PED;41;13;46;22; ;;;;
frame_091066.png;1;PED;33;17;38;26; ;;;;
frame_091066.png;2;PED;41;13;46;22; ;;;;
frame_091067.png;1;PED;33;17;38;26; ;;;;
frame_091067.png;2;PED;41;13;46;22; ;;;;
frame_091068.png;1;PED;33;17;38;26; ;;;;
frame_091068.png;2;PED;41;13;46;22; ;;;;
frame_091069.png;1;PED;32;17;37;26; ;;;;
frame_091069.png;2;PED;41;13;46;22; ;;;;
frame_091070.png;1;PED;32;17;37;26; ;;;;
frame_091070.png;2;PED;41;13;46;22; ;;;;
frame_091071.png;1;PED;32;17;37;26; ;;;;
frame_091071.png;2;PED;41;13;46;22; ;;;;
frame_091072.png;1;PED;32;17;37;26; ;;;;
frame_091072.png;2;PED;41;13;46;22; ;;;;
frame_091073.png;1;PED;32;17;37;26; ;;;;
frame_091073.png;2;PED;41;13;46;22; ;;;;
frame_091074.png;1;PED;32;17;37;26; ;;;;
frame_091074.png;2;PED;41;13;46;22; ;;;;
frame_091075.png;1;PED;32;17;37;26; ;;;;
frame_091075.png;2;PED;40;13;45;22; ;;;;
frame_091076.png;1;PED;32;17;37;26; ;;;;
frame_091076.png;2;PED;40;13;45;22; ;;;;
frame_091077.png;1;PED;31;17;37;27; ;;;;
frame_091077.png;2;PED;40;13;45;22; ;;;;
frame_091078.png;1;PED;31;17;37;27; ;;;;
frame_091078.png;2;PED;40;13;45;22; ;;;;
frame_091079.png;1;PED;31;17;37;27; ;;;;
frame_091079.png;2;PED;40;13;45;22; ;;;;
frame_091080.png;1;PED;31;17;37;27; ;;;;
frame_091080.png;2;PED;40;13;45;22; ;;;;
frame_091081.png;1;PED;31;17;37;27; ;;;;
frame_091081.png;2;PED;39;13;45;23; ;;;;
frame_091082.png;1;PED;31;17;37;27; ;;;;
frame_091082.png;2;PED;39;13;45;23; ;;;;
frame_091083.png;1;PED;31;17;37;27; ;;;;
frame_091083.png;2;PED;38;13;44;23; ;;;;
frame_091084.png;1;PED;31;17;37;28; ;;;;
frame_091084.png;2;PED;38;14;44;24; ;;;;
frame_091085.png;1;PED;31;17;37;28; ;;;;
frame_091085.png;2;PED;38;14;44;24; ;;;;
frame_091086.png;1;PED;31;18;37;29; ;;;;
frame_091086.png;2;PED;38;14;44;24; ;;;;
frame_091087.png;1;PED;31;18;37;29; ;;;;
frame_091087.png;2;PED;37;14;43;24; ;;;;
frame_091088.png;1;PED;31;18;37;29; ;;;;
frame_091088.png;2;PED;37;14;43;24; ;;;;
frame_091089.png;1;PED;31;18;37;29; ;;;;
frame_091089.png;2;PED;37;14;43;24; ;;;;
frame_091090.png;1;PED;31;18;37;29; ;;;;
frame_091090.png;2;PED;37;14;42;24; ;;;;
frame_091091.png;1;PED;31;18;37;29; ;;;;
frame_091091.png;2;PED;37;14;42;24; ;;;;
frame_091092.png;1;PED;31;18;37;29; ;;;;
frame_091092.png;2;PED;36;14;41;24; ;;;;
frame_091093.png;1;PED;32;18;38;29; ;;;;
frame_091093.png;2;PED;36;14;41;24; ;;;;
frame_091094.png;1;PED;32;18;38;29; ;;;;
frame_091094.png;2;PED;36;14;41;24; ;;;;
frame_091095.png;1;PED;32;18;38;29; ;;;;
frame_091095.png;2;PED;36;14;41;24; ;;;;
frame_091096.png;1;PED;32;18;38;29; ;;;;
frame_091096.png;2;PED;35;14;40;24; ;;;;
frame_091097.png;1;PED;32;18;38;29; ;;;;
frame_091097.png;2;PED;35;14;40;24; ;;;;
frame_091098.png;1;PED;32;18;38;29; ;;;;
frame_091098.png;2;PED;35;14;40;24; ;;;;
frame_091099.png;1;PED;32;18;38;29; ;;;;
frame_091099.png;2;PED;35;14;40;24; ;;;;
frame_091100.png;1;PED;33;19;39;30; ;;;;
frame_091100.png;2;PED;35;14;40;24; ;;;;
frame_091101.png;1;PED;33;19;39;30; ;;;;
frame_091101.png;2;PED;35;14;40;24; ;;;;
frame_091102.png;1;PED;33;18;39;30; ;;;;
frame_091103.png;1;PED;33;18;39;30; ;;;;
frame_091104.png;1;PED;33;18;39;30; ;;;;
frame_091105.png;1;PED;33;18;39;30; ;;;;
frame_091106.png;1;PED;33;19;39;31; ;;;;
frame_091107.png;1;PED;34;19;40;31; ;;;;
frame_091108.png;1;PED;34;19;40;31; ;;;;
frame_091109.png;1;PED;34;19;40;31; ;;;;
frame_091110.png;1;PED;34;19;40;31; ;;;;
frame_091111.png;1;PED;34;19;40;31; ;;;;
frame_091112.png;1;PED;34;20;40;32; ;;;;
frame_091113.png;1;PED;35;20;41;32; ;;;;
frame_091114.png;1;PED;35;20;41;32; ;;;;
frame_091115.png;1;PED;35;21;41;33; ;;;;
frame_091116.png;1;PED;36;21;42;33; ;;;;
frame_091117.png;1;PED;36;21;42;33; ;;;;
frame_091118.png;1;PED;36;21;42;33; ;;;;
frame_091119.png;1;PED;37;21;43;33; ;;;;
frame_091119.png;2;PED;33;17;39;29; ;;;;
frame_091120.png;1;PED;37;21;43;33; ;;;;
frame_091120.png;2;PED;33;17;39;29; ;;;;
frame_091121.png;1;PED;37;21;43;33; ;;;;
frame_091121.png;2;PED;33;17;39;29; ;;;;
frame_091122.png;1;PED;37;21;43;33; ;;;;
frame_091122.png;2;PED;33;17;39;29; ;;;;
frame_091123.png;1;PED;37;21;43;33; ;;;;
frame_091123.png;2;PED;33;17;39;29; ;;;;
frame_091124.png;1;PED;37;21;43;35; ;;;;
frame_091124.png;2;PED;33;17;39;29; ;;;;
frame_091125.png;1;PED;37;21;43;35; ;;;;
frame_091125.png;2;PED;33;17;39;29; ;;;;
frame_091126.png;1;PED;38;22;44;36; ;;;;
frame_091126.png;2;PED;33;17;39;29; ;;;;
frame_091127.png;1;PED;38;22;44;36; ;;;;
frame_091127.png;2;PED;33;17;39;29; ;;;;
frame_091128.png;1;PED;39;22;45;36; ;;;;
frame_091128.png;2;PED;33;17;39;29; ;;;;
frame_091129.png;1;PED;39;22;45;36; ;;;;
frame_091129.png;2;PED;33;17;39;29; ;;;;
frame_091130.png;1;PED;39;22;45;36; ;;;;
frame_091130.png;2;PED;34;18;40;30; ;;;;
frame_091131.png;1;PED;40;23;46;37; ;;;;
frame_091131.png;2;PED;34;18;40;30; ;;;;
frame_091132.png;1;PED;41;24;47;38; ;;;;
frame_091132.png;2;PED;34;18;40;30; ;;;;
frame_091133.png;1;PED;41;24;47;38; ;;;;
frame_091133.png;2;PED;34;18;40;30; ;;;;
frame_091134.png;1;PED;41;24;47;38; ;;;;
frame_091134.png;2;PED;34;18;40;30; ;;;;
frame_091135.png;1;PED;41;24;47;38; ;;;;
frame_091135.png;2;PED;34;18;40;30; ;;;;
frame_091136.png;1;PED;42;25;48;39; ;;;;
frame_091136.png;2;PED;34;18;40;30; ;;;;
frame_091137.png;1;PED;42;25;49;39; ;;;;
frame_091137.png;2;PED;34;19;41;32; ;;;;
frame_091138.png;1;PED;42;25;49;39; ;;;;
frame_091138.png;2;PED;34;19;41;32; ;;;;
frame_091139.png;1;PED;42;25;49;39; ;;;;
frame_091139.png;2;PED;34;19;41;32; ;;;;
frame_091140.png;1;PED;43;26;50;40; ;;;;
frame_091140.png;2;PED;35;19;42;32; ;;;;
frame_091141.png;1;PED;43;26;50;40; ;;;;
frame_091141.png;2;PED;35;19;42;32; ;;;;
frame_091142.png;1;PED;44;26;52;41; ;;;;
frame_091142.png;2;PED;36;19;43;32; ;;;;
frame_091143.png;1;PED;44;26;52;41; ;;;;
frame_091143.png;2;PED;36;19;43;32; ;;;;
frame_091144.png;1;PED;45;27;53;43; ;;;;
frame_091144.png;2;PED;36;19;43;32; ;;;;
frame_091145.png;1;PED;45;27;53;43; ;;;;
frame_091145.png;2;PED;36;19;44;34; ;;;;
frame_091146.png;1;PED;46;28;54;44; ;;;;
frame_091146.png;2;PED;36;19;44;34; ;;;;
frame_091147.png;1;PED;46;28;54;44; ;;;;
frame_091147.png;2;PED;37;19;45;34; ;;;;
frame_091148.png;1;PED;47;28;55;44; ;;;;
frame_091148.png;2;PED;37;20;45;36; ;;;;
frame_091149.png;1;PED;47;28;55;44; ;;;;
frame_091149.png;2;PED;37;20;45;36; ;;;;
frame_091150.png;1;PED;48;29;55;46; ;;;;
frame_091150.png;2;PED;38;20;46;36; ;;;;
frame_091151.png;1;PED;48;29;55;46; ;;;;
frame_091151.png;2;PED;38;20;46;36; ;;;;
frame_091152.png;1;PED;49;29;56;46; ;;;;
frame_091152.png;2;PED;38;20;46;36; ;;;;
frame_091153.png;1;PED;49;29;56;46; ;;;;
frame_091153.png;2;PED;39;20;47;36; ;;;;
frame_091154.png;1;PED;50;29;57;46; ;;;;
frame_091154.png;2;PED;39;20;47;36; ;;;;
frame_091155.png;1;PED;50;29;57;47; ;;;;
frame_091155.png;2;PED;39;21;47;37; ;;;;
frame_091156.png;1;PED;51;30;58;48; ;;;;
frame_091156.png;2;PED;39;21;47;37; ;;;;
frame_091157.png;1;PED;51;30;58;48; ;;;;
frame_091157.png;2;PED;40;22;48;38; ;;;;
frame_091158.png;1;PED;52;30;60;49; ;;;;
frame_091158.png;2;PED;40;22;48;38; ;;;;
frame_091159.png;1;PED;52;30;60;49; ;;;;
frame_091159.png;2;PED;40;22;48;38; ;;;;
frame_091160.png;1;PED;53;31;61;50; ;;;;
frame_091160.png;2;PED;41;23;49;39; ;;;;
frame_091161.png;1;PED;53;31;61;50; ;;;;
frame_091161.png;2;PED;41;23;49;39; ;;;;
frame_091162.png;1;PED;55;32;63;51; ;;;;
frame_091162.png;2;PED;41;23;49;39; ;;;;
frame_091163.png;1;PED;55;32;63;51; ;;;;
frame_091163.png;2;PED;42;24;50;40; ;;;;
frame_091164.png;1;PED;56;33;64;52; ;;;;
frame_091164.png;2;PED;42;24;50;40; ;;;;
frame_091165.png;1;PED;57;34;65;53; ;;;;
frame_091165.png;2;PED;43;24;51;40; ;;;;
frame_091166.png;1;PED;58;34;66;53; ;;;;
frame_091166.png;2;PED;43;24;51;40; ;;;;
frame_091167.png;1;PED;59;35;67;54; ;;;;
frame_091167.png;2;PED;43;24;51;40; ;;;;
frame_091168.png;1;PED;59;35;68;54; ;;;;
frame_091168.png;2;PED;44;25;52;42; ;;;;
frame_091169.png;1;PED;60;35;69;54; ;;;;
frame_091169.png;2;PED;44;25;52;42; ;;;;
frame_091170.png;1;PED;61;36;70;55; ;;;;
frame_091170.png;2;PED;45;26;53;43; ;;;;
frame_091171.png;1;PED;62;36;71;55; ;;;;
frame_091171.png;2;PED;45;26;53;43; ;;;;
frame_091172.png;1;PED;63;37;72;56; ;;;;
frame_091172.png;2;PED;46;27;54;44; ;;;;
frame_091173.png;1;PED;63;37;72;56; ;;;;
frame_091173.png;2;PED;46;27;54;44; ;;;;
frame_091174.png;1;PED;64;38;73;57; ;;;;
frame_091174.png;2;PED;48;28;56;46; ;;;;
frame_091175.png;1;PED;65;39;74;58; ;;;;
frame_091175.png;2;PED;48;28;56;46; ;;;;
frame_091176.png;1;PED;66;39;75;58; ;;;;
frame_091176.png;2;PED;49;28;57;46; ;;;;
frame_091177.png;1;PED;68;39;77;58; ;;;;
frame_091177.png;2;PED;49;28;57;46; ;;;;
frame_091178.png;1;PED;68;39;77;59; ;;;;
frame_091178.png;2;PED;51;30;59;50; ;;;;
frame_091179.png;1;PED;69;39;78;59; ;;;;
frame_091179.png;2;PED;51;30;59;50; ;;;;
frame_091180.png;1;PED;70;41;79;59; ;;;;
frame_091180.png;2;PED;53;30;61;50; ;;;;
frame_091181.png;2;PED;53;30;61;50; ;;;;
frame_091182.png;2;PED;54;31;62;52; ;;;;
frame_091183.png;2;PED;55;32;63;53; ;;;;
frame_091184.png;2;PED;56;33;64;54; ;;;;
frame_091185.png;2;PED;57;33;65;54; ;;;;
frame_091186.png;2;PED;58;33;66;54; ;;;;
frame_091187.png;2;PED;59;34;68;55; ;;;;
frame_091188.png;2;PED;59;35;69;58; ;;;;
frame_091189.png;2;PED;60;36;70;59; ;;;;
frame_091190.png;2;PED;62;36;71;59; ;;;;
frame_091191.png;2;PED;63;36;72;59; ;;;;
frame_091192.png;2;PED;64;37;73;59; ;;;;
frame_091193.png;2;PED;65;37;74;59; ;;;;
frame_091194.png;2;PED;66;37;76;59; ;;;;
frame_091195.png;2;PED;68;38;78;59; ;;;;
frame_091196.png;2;PED;69;39;79;59; ;;;;
frame_091197.png;2;PED;69;39;79;59; ;;;;
frame_099156.png;1;MTB;32;18;40;28; ;;;;
frame_099157.png;1;MTB;32;18;41;30; ;;;;
frame_099158.png;1;MTB;33;19;42;31; ;;;;
frame_099159.png;1;MTB;34;20;43;32; ;;;;
frame_099160.png;1;MTB;35;21;45;34; ;;;;
frame_099161.png;1;MTB;37;22;47;36; ;;;;
frame_099162.png;1;MTB;39;23;50;39; ;;;;
frame_099163.png;1;MTB;41;25;53;42; ;;;;
frame_099164.png;1;MTB;45;27;57;44; ;;;;
frame_099165.png;1;MTB;49;30;62;48; ;;;;
frame_099166.png;1;MTB;54;33;68;52; ;;;;
frame_099167.png;1;MTB;60;36;75;56; ;;;;
frame_099168.png;1;MTB;65;40;79;59; ;;;;
frame_099177.png;1;MTB;32;17;40;28; ;;;;
frame_099178.png;1;MTB;31;18;40;29; ;;;;
frame_099179.png;1;MTB;31;18;40;30; ;;;;
frame_099180.png;1;MTB;31;19;41;31; ;;;;
frame_099181.png;1;MTB;32;19;42;32; ;;;;
frame_099182.png;1;MTB;33;21;44;34; ;;;;
frame_099183.png;1;MTB;34;22;46;36; ;;;;
frame_099184.png;1;MTB;37;23;49;38; ;;;;
frame_099185.png;1;MTB;39;24;52;40; ;;;;
frame_099186.png;1;MTB;43;26;56;42; ;;;;
frame_099187.png;1;MTB;46;28;61;45; ;;;;
frame_099188.png;1;MTB;50;30;66;48; ;;;;
frame_099189.png;1;MTB;56;34;72;51; ;;;;
frame_099190.png;1;MTB;62;37;79;55; ;;;;
frame_110299.png;1;MTB;33;17;41;28; ;;;;
frame_110300.png;1;MTB;33;17;41;29; ;;;;
frame_110301.png;1;MTB;32;18;41;29; ;;;;
frame_110302.png;1;MTB;32;18;40;30; ;;;;
frame_110303.png;1;MTB;32;19;41;31; ;;;;
frame_110304.png;1;MTB;32;19;41;32; ;;;;
frame_110305.png;1;MTB;33;20;42;34; ;;;;
frame_110306.png;1;MTB;34;21;44;35; ;;;;
frame_110307.png;1;MTB;35;22;46;37; ;;;;
frame_110308.png;1;MTB;37;23;48;39; ;;;;
frame_110309.png;1;MTB;39;24;51;41; ;;;;
frame_110310.png;1;MTB;42;26;54;43; ;;;;
frame_110311.png;1;MTB;45;28;58;45; ;;;;
frame_110312.png;1;MTB;49;30;62;48; ;;;;
frame_110313.png;1;MTB;53;32;67;51; ;;;;
frame_110314.png;1;MTB;57;35;73;55; ;;;;
frame_110315.png;1;MTB;62;38;79;57; ;;;;
frame_110382.png;1;MTB;33;16;42;27; ;;;;
frame_110383.png;1;MTB;33;16;41;28; ;;;;
frame_110384.png;1;MTB;32;16;41;28; ;;;;
frame_110385.png;1;MTB;32;17;41;29; ;;;;
frame_110386.png;1;MTB;32;17;41;29; ;;;;
frame_110387.png;1;MTB;32;17;41;30; ;;;;
frame_110388.png;1;MTB;32;18;41;31; ;;;;
frame_110389.png;1;MTB;32;18;42;32; ;;;;
frame_110390.png;1;MTB;33;19;42;33; ;;;;
frame_110391.png;1;MTB;34;19;43;34; ;;;;
frame_110392.png;1;MTB;34;20;44;35; ;;;;
frame_110393.png;1;MTB;35;20;46;36; ;;;;
frame_110394.png;1;MTB;36;21;47;38; ;;;;
frame_110395.png;1;MTB;38;22;49;40; ;;;;
frame_110396.png;1;MTB;39;23;51;41; ;;;;
frame_110397.png;1;MTB;41;25;54;43; ;;;;
frame_110398.png;1;MTB;43;26;57;45; ;;;;
frame_110399.png;1;MTB;46;28;61;51; ;;;;
frame_110400.png;1;MTB;49;30;64;50; ;;;;
frame_110401.png;1;MTB;52;32;69;53; ;;;;
frame_110402.png;1;MTB;55;34;73;56; ;;;;
frame_110403.png;1;MTB;59;37;77;57; ;;;;
frame_110404.png;1;MTB;63;39;79;59; ;;;;
frame_110467.png;1;MTB;33;17;41;28; ;;;;
frame_110468.png;1;MTB;32;17;40;28; ;;;;
frame_110469.png;1;MTB;32;17;40;29; ;;;;
frame_110470.png;1;MTB;31;18;40;29; ;;;;
frame_110471.png;1;MTB;31;18;40;31; ;;;;
frame_110472.png;1;MTB;32;19;41;32; ;;;;
frame_110473.png;1;MTB;32;19;42;33; ;;;;
frame_110474.png;1;MTB;33;20;44;35; ;;;;
frame_110475.png;1;MTB;34;21;46;36; ;;;;
frame_110476.png;1;MTB;36;22;48;38; ;;;;
frame_110477.png;1;MTB;39;23;52;40; ;;;;
frame_110478.png;1;MTB;42;25;55;43; ;;;;
frame_110479.png;1;MTB;45;27;59;45; ;;;;
frame_110480.png;1;MTB;49;29;63;47; ;;;;
frame_110481.png;1;MTB;52;31;68;51; ;;;;
frame_110482.png;1;MTB;56;33;73;54; ;;;;
frame_110483.png;1;MTB;61;36;78;56; ;;;;
frame_110484.png;1;MTB;66;41;79;59; ;;;;
frame_110877.png;1;MTB;33;19;43;33; ;;;;
frame_110878.png;1;MTB;34;19;44;35; ;;;;
frame_110879.png;1;MTB;35;20;46;36; ;;;;
frame_110880.png;1;MTB;37;22;49;38; ;;;;
frame_110881.png;1;MTB;39;23;52;40; ;;;;
frame_110882.png;1;MTB;42;24;55;43; ;;;;
frame_110883.png;1;MTB;45;26;59;45; ;;;;
frame_110884.png;1;MTB;48;28;63;48; ;;;;
frame_110885.png;1;MTB;52;31;68;51; ;;;;
frame_110886.png;1;MTB;57;34;74;55; ;;;;
frame_110887.png;1;MTB;62;37;79;57; ;;;;
frame_111874.png;1;MTB;62;37;79;59; ;;;;
frame_111875.png;1;MTB;58;35;76;59; ;;;;
frame_111876.png;1;MTB;56;34;72;57; ;;;;
frame_111877.png;1;MTB;52;32;69;55; ;;;;
frame_111878.png;1;MTB;48;30;65;54; ;;;;
frame_111879.png;1;MTB;46;28;63;52; ;;;;
frame_111880.png;1;MTB;44;28;59;51; ;;;;
frame_111881.png;1;MTB;42;27;57;50; ;;;;
frame_111882.png;1;MTB;40;26;54;48; ;;;;
frame_111883.png;1;MTB;40;24;52;45; ;;;;
frame_111884.png;1;MTB;39;24;50;45; ;;;;
frame_111885.png;1;MTB;37;23;48;44; ;;;;
frame_111886.png;1;MTB;36;23;47;42; ;;;;
frame_111887.png;1;MTB;34;22;45;41; ;;;;
frame_111888.png;1;MTB;33;21;44;40; ;;;;
frame_111889.png;1;MTB;32;21;43;38; ;;;;
frame_111890.png;1;MTB;31;20;41;37; ;;;;
frame_111891.png;1;MTB;30;20;40;36; ;;;;
frame_111892.png;1;MTB;29;19;39;35; ;;;;
frame_111893.png;1;MTB;28;19;38;34; ;;;;
frame_111894.png;1;MTB;27;19;37;34; ;;;;
frame_111895.png;1;MTB;27;18;37;33; ;;;;
frame_111896.png;1;MTB;26;18;36;33; ;;;;
frame_111897.png;1;MTB;26;18;36;33; ;;;;
frame_111898.png;1;MTB;26;17;35;32; ;;;;
frame_111899.png;1;MTB;25;17;34;32; ;;;;
frame_111900.png;1;MTB;25;17;34;32; ;;;;
frame_111901.png;1;MTB;25;17;34;32; ;;;;
frame_111902.png;1;MTB;25;17;33;31; ;;;;
frame_111903.png;1;MTB;25;17;33;31; ;;;;
frame_112265.png;1;MTB;41;21;50;35; ;;;;
frame_112266.png;1;MTB;41;21;50;35; ;;;;
frame_112267.png;1;MTB;41;21;50;35; ;;;;
frame_112268.png;1;MTB;41;21;50;35; ;;;;
frame_112269.png;1;MTB;41;21;50;35; ;;;;
frame_112270.png;1;MTB;41;21;50;35; ;;;;
frame_112271.png;1;MTB;41;21;50;35; ;;;;
frame_112272.png;1;MTB;41;21;50;35; ;;;;
frame_112273.png;1;MTB;41;21;50;35; ;;;;
frame_112274.png;1;MTB;41;21;50;35; ;;;;
frame_112275.png;1;MTB;41;21;50;35; ;;;;
frame_112276.png;1;MTB;41;21;50;35; ;;;;
frame_112277.png;1;MTB;41;21;50;35; ;;;;
frame_112278.png;1;MTB;41;21;50;35; ;;;;
frame_112279.png;1;MTB;41;21;50;35; ;;;;
frame_112280.png;1;MTB;41;21;50;35; ;;;;
frame_112281.png;1;MTB;41;21;50;35; ;;;;
frame_112282.png;1;MTB;41;21;50;35; ;;;;
frame_112283.png;1;MTB;41;20;50;35; ;;;;
frame_112284.png;1;MTB;41;20;50;35; ;;;;
frame_112285.png;1;MTB;41;20;50;35; ;;;;
frame_112286.png;1;MTB;41;20;50;35; ;;;;
frame_112287.png;1;MTB;40;20;49;35; ;;;;
frame_112288.png;1;MTB;40;20;49;35; ;;;;
frame_112289.png;1;MTB;40;20;49;35; ;;;;
frame_112290.png;1;MTB;40;20;49;35; ;;;;
frame_112291.png;1;MTB;40;20;49;35; ;;;;
frame_112292.png;1;MTB;40;20;49;35; ;;;;
frame_112293.png;1;MTB;40;20;49;35; ;;;;
frame_112294.png;1;MTB;40;20;49;35; ;;;;
frame_112295.png;1;MTB;40;20;49;35; ;;;;
frame_112296.png;1;MTB;40;20;49;35; ;;;;
frame_112297.png;1;MTB;40;20;49;35; ;;;;
frame_112298.png;1;MTB;40;20;49;35; ;;;;
frame_112299.png;1;MTB;40;20;49;35; ;;;;
frame_112300.png;1;MTB;40;20;49;35; ;;;;
frame_112301.png;1;MTB;40;20;49;35; ;;;;
frame_112302.png;1;MTB;40;20;49;35; ;;;;
frame_112303.png;1;MTB;40;20;49;35; ;;;;
frame_112304.png;1;MTB;40;20;49;35; ;;;;
frame_112305.png;1;MTB;40;20;49;35; ;;;;
frame_112306.png;1;MTB;40;20;49;35; ;;;;
frame_112307.png;1;MTB;40;20;49;35; ;;;;
frame_112308.png;1;MTB;40;20;49;35; ;;;;
frame_112309.png;1;MTB;40;20;49;35; ;;;;
frame_112310.png;1;MTB;40;20;49;35; ;;;;
frame_112311.png;1;MTB;40;20;49;35; ;;;;
frame_112312.png;1;MTB;40;20;49;35; ;;;;
frame_112313.png;1;MTB;40;20;49;35; ;;;;
frame_112314.png;1;MTB;40;20;49;35; ;;;;
frame_112315.png;1;MTB;40;20;49;35; ;;;;
frame_112316.png;1;MTB;40;20;49;35; ;;;;
frame_112317.png;1;MTB;40;20;49;35; ;;;;
frame_112318.png;1;MTB;40;20;49;35; ;;;;
frame_112319.png;1;MTB;40;20;49;35; ;;;;
frame_112320.png;1;MTB;40;20;49;35; ;;;;
frame_112321.png;1;MTB;40;20;49;35; ;;;;
frame_112322.png;1;MTB;40;20;49;35; ;;;;
frame_112323.png;1;MTB;40;20;49;35; ;;;;
frame_112324.png;1;MTB;40;20;49;35; ;;;;
frame_112325.png;1;MTB;40;20;49;35; ;;;;
frame_112326.png;1;MTB;40;20;49;35; ;;;;
frame_112327.png;1;MTB;40;20;49;35; ;;;;
frame_112328.png;1;MTB;40;20;49;35; ;;;;
frame_112329.png;1;MTB;40;20;49;35; ;;;;
frame_112330.png;1;MTB;40;20;49;35; ;;;;
frame_112331.png;1;MTB;39;20;48;35; ;;;;
frame_112332.png;1;MTB;39;20;48;35; ;;;;
frame_112333.png;1;MTB;39;20;48;35; ;;;;
frame_112334.png;1;MTB;39;20;48;35; ;;;;
frame_112335.png;1;MTB;39;20;48;35; ;;;;
frame_112336.png;1;MTB;39;20;48;35; ;;;;
frame_112337.png;1;MTB;39;20;48;35; ;;;;
frame_112338.png;1;MTB;39;20;48;35; ;;;;
frame_112339.png;1;MTB;39;20;48;35; ;;;;
frame_112340.png;1;MTB;39;20;48;35; ;;;;
frame_112341.png;1;MTB;39;20;48;35; ;;;;
frame_112342.png;1;MTB;39;20;48;35; ;;;;
frame_112343.png;1;MTB;39;20;48;35; ;;;;
frame_112344.png;1;MTB;39;20;48;35; ;;;;
frame_112345.png;1;MTB;39;20;48;35; ;;;;
frame_112346.png;1;MTB;39;20;48;35; ;;;;
frame_112347.png;1;MTB;39;20;48;35; ;;;;
frame_112348.png;1;MTB;39;20;48;35; ;;;;
frame_112349.png;1;MTB;39;20;48;35; ;;;;
frame_112350.png;1;MTB;39;20;48;35; ;;;;
frame_112351.png;1;MTB;39;20;48;35; ;;;;
frame_112352.png;1;MTB;39;20;48;35; ;;;;
frame_112353.png;1;MTB;39;20;48;35; ;;;;
frame_112354.png;1;MTB;39;20;48;35; ;;;;
frame_112355.png;1;MTB;39;20;48;35; ;;;;
frame_112356.png;1;MTB;39;20;48;35; ;;;;
frame_112357.png;1;MTB;39;20;48;35; ;;;;
frame_112358.png;1;MTB;39;20;48;35; ;;;;
frame_112359.png;1;MTB;39;20;48;35; ;;;;
frame_112360.png;1;MTB;39;20;48;35; ;;;;
frame_112361.png;1;MTB;39;20;48;35; ;;;;
frame_112362.png;1;MTB;39;20;48;35; ;;;;
frame_112363.png;1;MTB;39;20;48;35; ;;;;
frame_112364.png;1;MTB;39;20;48;35; ;;;;
frame_112467.png;1;MTB;41;26;53;45; ;;;;
frame_112468.png;1;MTB;42;27;54;46; ;;;;
frame_112469.png;1;MTB;44;27;56;46; ;;;;
frame_112470.png;1;MTB;45;28;57;47; ;;;;
frame_112471.png;1;MTB;46;29;58;48; ;;;;
frame_112472.png;1;MTB;48;30;60;49; ;;;;
frame_112473.png;1;MTB;50;31;62;50; ;;;;
frame_112474.png;1;MTB;53;31;65;50; ;;;;
frame_112475.png;1;MTB;55;33;67;52; ;;;;
frame_112476.png;1;MTB;57;34;70;53; ;;;;
frame_112477.png;1;MTB;59;36;73;55; ;;;;
frame_112478.png;1;MTB;62;38;76;57; ;;;;
frame_112479.png;1;MTB;65;38;79;57; ;;;;
frame_112523.png;1;MTB;45;26;55;43; ;;;;
frame_112524.png;1;MTB;46;27;56;44; ;;;;
frame_112525.png;1;MTB;47;28;57;45; ;;;;
frame_112526.png;1;MTB;48;28;59;46; ;;;;
frame_112527.png;1;MTB;49;29;60;47; ;;;;
frame_112528.png;1;MTB;50;29;63;48; ;;;;
frame_112529.png;1;MTB;51;30;64;49; ;;;;
frame_112530.png;1;MTB;53;31;66;50; ;;;;
frame_112531.png;1;MTB;54;33;68;53; ;;;;
frame_112532.png;1;MTB;56;34;70;54; ;;;;
frame_112533.png;1;MTB;58;35;73;56; ;;;;
frame_112534.png;1;MTB;60;36;75;57; ;;;;
frame_112535.png;1;MTB;62;37;77;58; ;;;;
frame_112536.png;1;MTB;64;38;79;59; ;;;;
frame_112548.png;1;MTB;47;31;61;50; ;;;;
frame_112549.png;1;MTB;49;32;63;51; ;;;;
frame_112550.png;1;MTB;51;33;65;52; ;;;;
frame_112551.png;1;MTB;53;34;67;53; ;;;;
frame_112551.png;2;MTB;42;23;52;41; ;;;;
frame_112552.png;1;MTB;54;34;69;54; ;;;;
frame_112552.png;2;MTB;43;24;53;42; ;;;;
frame_112553.png;1;MTB;55;35;71;56; ;;;;
frame_112553.png;2;MTB;43;24;54;42; ;;;;
frame_112554.png;1;MTB;58;36;74;57; ;;;;
frame_112554.png;2;MTB;44;24;55;42; ;;;;
frame_112555.png;1;MTB;60;38;76;59; ;;;;
frame_112555.png;2;MTB;45;25;56;43; ;;;;
frame_112556.png;1;MTB;62;38;78;59; ;;;;
frame_112556.png;2;MTB;45;25;56;43; ;;;;
frame_112557.png;1;MTB;64;42;79;59; ;;;;
frame_112557.png;2;MTB;47;26;58;44; ;;;;
frame_112558.png;2;MTB;48;27;59;45; ;;;;
frame_112559.png;2;MTB;49;28;60;46; ;;;;
frame_112560.png;2;MTB;50;29;61;47; ;;;;
frame_112561.png;2;MTB;51;30;62;48; ;;;;
frame_112562.png;2;MTB;52;30;64;49; ;;;;
frame_112563.png;2;MTB;53;31;65;50; ;;;;
frame_112564.png;2;MTB;54;32;66;51; ;;;;
frame_112565.png;2;MTB;55;33;67;52; ;;;;
frame_112566.png;2;MTB;56;34;68;53; ;;;;
frame_112567.png;2;MTB;58;35;70;54; ;;;;
frame_112568.png;2;MTB;60;36;72;55; ;;;;
frame_112569.png;2;MTB;61;37;74;56; ;;;;
frame_112570.png;2;MTB;62;37;76;57; ;;;;
frame_112571.png;2;MTB;63;38;77;58; ;;;;
frame_112572.png;2;MTB;64;39;79;59; ;;;;
frame_112573.png;2;MTB;64;39;79;59; ;;;;
frame_122159.png;1;PED;32;17;40;27; ;;;;
frame_122160.png;1;PED;32;17;40;27; ;;;;
frame_122161.png;1;PED;32;17;40;27; ;;;;
frame_122162.png;1;PED;31;17;39;28; ;;;;
frame_122163.png;1;PED;31;17;39;28; ;;;;
frame_122164.png;1;PED;31;17;39;28; ;;;;
frame_122165.png;1;PED;31;17;39;28; ;;;;
frame_122166.png;1;PED;31;17;39;28; ;;;;
frame_122167.png;1;PED;31;17;39;28; ;;;;
frame_122168.png;1;PED;31;17;39;28; ;;;;
frame_122169.png;1;PED;31;17;39;28; ;;;;
frame_122170.png;1;PED;31;17;39;28; ;;;;
frame_122171.png;1;PED;31;18;39;30; ;;;;
frame_122172.png;1;PED;31;18;39;30; ;;;;
frame_122173.png;1;PED;31;18;39;30; ;;;;
frame_122174.png;1;PED;31;18;39;30; ;;;;
frame_122175.png;1;PED;31;18;39;30; ;;;;
frame_122176.png;1;PED;31;18;39;30; ;;;;
frame_122177.png;1;PED;31;18;39;30; ;;;;
frame_122178.png;1;PED;31;18;39;30; ;;;;
frame_122179.png;1;PED;31;18;39;30; ;;;;
frame_122180.png;1;PED;32;19;40;31; ;;;;
frame_122181.png;1;PED;32;19;40;31; ;;;;
frame_122182.png;1;PED;32;19;40;31; ;;;;
frame_122183.png;1;PED;32;19;40;31; ;;;;
frame_122184.png;1;PED;32;20;40;32; ;;;;
frame_122185.png;1;PED;32;20;40;32; ;;;;
frame_122186.png;1;PED;32;20;40;32; ;;;;
frame_122187.png;1;PED;33;20;41;32; ;;;;
frame_122188.png;1;PED;33;20;41;32; ;;;;
frame_122189.png;1;PED;33;20;41;32; ;;;;
frame_122190.png;1;PED;33;20;41;32; ;;;;
frame_122191.png;1;PED;33;21;41;34; ;;;;
frame_122192.png;1;PED;34;21;42;34; ;;;;
frame_122193.png;1;PED;34;21;42;34; ;;;;
frame_122194.png;1;PED;34;21;42;34; ;;;;
frame_122195.png;1;PED;35;21;43;34; ;;;;
frame_122196.png;1;PED;35;21;43;34; ;;;;
frame_122197.png;1;PED;36;22;44;35; ;;;;
frame_122198.png;1;PED;36;22;44;35; ;;;;
frame_122199.png;1;PED;36;22;44;35; ;;;;
frame_122200.png;1;PED;36;22;44;35; ;;;;
frame_122201.png;1;PED;37;22;46;36; ;;;;
frame_122202.png;1;PED;37;23;46;37; ;;;;
frame_122203.png;1;PED;38;24;47;38; ;;;;
frame_122204.png;1;PED;39;23;48;37; ;;;;
frame_122205.png;1;PED;40;24;49;38; ;;;;
frame_122206.png;1;PED;40;24;49;38; ;;;;
frame_122207.png;1;PED;40;24;49;38; ;;;;
frame_122208.png;1;PED;40;25;49;39; ;;;;
frame_122209.png;1;PED;40;25;49;39; ;;;;
frame_122210.png;1;PED;41;26;50;40; ;;;;
frame_122211.png;1;PED;43;25;49;41; ;;;;
frame_122211.png;2;PED;37;24;43;36; ;;;;
frame_122212.png;1;PED;43;25;49;41; ;;;;
frame_122212.png;2;PED;37;24;43;36; ;;;;
frame_122213.png;1;PED;44;26;50;42; ;;;;
frame_122213.png;2;PED;38;24;44;36; ;;;;
frame_122214.png;1;PED;44;26;50;42; ;;;;
frame_122214.png;2;PED;38;24;44;36; ;;;;
frame_122215.png;1;PED;44;26;50;42; ;;;;
frame_122215.png;2;PED;38;24;44;36; ;;;;
frame_122216.png;1;PED;44;26;50;43; ;;;;
frame_122216.png;2;PED;39;25;45;37; ;;;;
frame_122217.png;1;PED;44;26;50;43; ;;;;
frame_122217.png;2;PED;39;25;45;37; ;;;;
frame_122218.png;1;PED;46;26;53;44; ;;;;
frame_122218.png;2;PED;40;25;46;37; ;;;;
frame_122219.png;1;PED;46;26;53;44; ;;;;
frame_122219.png;2;PED;40;25;46;37; ;;;;
frame_122220.png;1;PED;46;26;53;44; ;;;;
frame_122220.png;2;PED;40;25;46;40; ;;;;
frame_122221.png;1;PED;47;26;54;44; ;;;;
frame_122221.png;2;PED;41;25;47;40; ;;;;
frame_122222.png;1;PED;47;26;54;44; ;;;;
frame_122222.png;2;PED;41;25;47;40; ;;;;
frame_122223.png;1;PED;48;28;55;46; ;;;;
frame_122223.png;2;PED;42;26;48;41; ;;;;
frame_122224.png;1;PED;48;29;56;47; ;;;;
frame_122224.png;2;PED;42;26;48;41; ;;;;
frame_122225.png;1;PED;49;29;57;47; ;;;;
frame_122225.png;2;PED;43;27;49;42; ;;;;
frame_122226.png;1;PED;51;30;59;48; ;;;;
frame_122226.png;2;PED;44;27;50;42; ;;;;
frame_122227.png;1;PED;52;30;60;48; ;;;;
frame_122227.png;2;PED;44;27;50;42; ;;;;
frame_122228.png;1;PED;53;31;61;49; ;;;;
frame_122228.png;2;PED;46;27;52;42; ;;;;
frame_122229.png;1;PED;54;31;63;50; ;;;;
frame_122229.png;2;PED;46;28;52;43; ;;;;
frame_122230.png;1;PED;55;32;64;51; ;;;;
frame_122230.png;2;PED;47;29;53;44; ;;;;
frame_122231.png;1;PED;55;32;64;51; ;;;;
frame_122231.png;2;PED;48;29;54;44; ;;;;
frame_122232.png;1;PED;57;33;66;53; ;;;;
frame_122232.png;2;PED;49;29;55;45; ;;;;
frame_122233.png;1;PED;57;33;66;53; ;;;;
frame_122233.png;2;PED;50;30;56;46; ;;;;
frame_122234.png;1;PED;58;34;67;54; ;;;;
frame_122234.png;2;PED;51;30;57;46; ;;;;
frame_122235.png;1;PED;59;35;69;56; ;;;;
frame_122235.png;2;PED;51;30;57;46; ;;;;
frame_122236.png;1;PED;60;35;70;56; ;;;;
frame_122236.png;2;PED;52;30;58;46; ;;;;
frame_122237.png;1;PED;63;35;73;56; ;;;;
frame_122237.png;2;PED;53;30;59;46; ;;;;
frame_122238.png;1;PED;64;36;74;57; ;;;;
frame_122238.png;2;PED;54;32;61;48; ;;;;
frame_122239.png;1;PED;66;37;76;58; ;;;;
frame_122239.png;2;PED;54;32;61;48; ;;;;
frame_122240.png;1;PED;66;37;76;58; ;;;;
frame_122240.png;2;PED;55;33;62;49; ;;;;
frame_122241.png;1;PED;67;38;77;59; ;;;;
frame_122241.png;2;PED;55;33;62;49; ;;;;
frame_122242.png;1;PED;69;39;78;59; ;;;;
frame_122242.png;2;PED;56;34;63;50; ;;;;
frame_122243.png;1;PED;70;39;79;59; ;;;;
frame_122243.png;2;PED;56;34;65;51; ;;;;
frame_122244.png;1;PED;70;39;79;59; ;;;;
frame_122244.png;2;PED;57;34;66;52; ;;;;
frame_122243.png;3;PED;31;19;44;34; ;;;;
frame_122244.png;3;PED;32;18;44;33; ;;;;
frame_122245.png;2;PED;58;34;67;53; ;;;;
frame_122245.png;3;PED;32;18;44;33; ;;;;
frame_122246.png;2;PED;59;35;68;54; ;;;;
frame_122246.png;3;PED;32;19;44;35; ;;;;
frame_122247.png;2;PED;60;36;69;55; ;;;;
frame_122247.png;3;PED;32;19;44;35; ;;;;
frame_122248.png;2;PED;61;36;69;55; ;;;;
frame_122248.png;3;PED;32;19;44;35; ;;;;
frame_122249.png;2;PED;62;37;70;56; ;;;;
frame_122249.png;3;PED;32;19;44;35; ;;;;
frame_122250.png;2;PED;63;39;71;58; ;;;;
frame_122250.png;3;PED;33;20;45;36; ;;;;
frame_122251.png;2;PED;63;39;71;58; ;;;;
frame_122251.png;3;PED;33;20;45;36; ;;;;
frame_122252.png;2;PED;65;39;73;58; ;;;;
frame_122252.png;3;PED;38;20;46;36; ;;;;
frame_122253.png;2;PED;66;40;74;59; ;;;;
frame_122253.png;3;PED;39;21;47;37; ;;;;
frame_122254.png;2;PED;67;42;76;59; ;;;;
frame_122254.png;3;PED;39;21;47;37; ;;;;
frame_122255.png;2;PED;67;42;76;59; ;;;;
frame_122255.png;3;PED;39;21;47;37; ;;;;
frame_122256.png;2;PED;68;42;78;59; ;;;;
frame_122256.png;3;PED;39;21;47;37; ;;;;
frame_122257.png;2;PED;70;43;79;59; ;;;;
frame_122257.png;3;PED;41;22;47;38; ;;;;
frame_122258.png;3;PED;41;22;48;38; ;;;;
frame_122259.png;3;PED;42;22;49;38; ;;;;
frame_122260.png;3;PED;42;23;50;40; ;;;;
frame_122261.png;3;PED;43;23;51;40; ;;;;
frame_122262.png;3;PED;43;23;51;40; ;;;;
frame_122263.png;3;PED;44;23;52;40; ;;;;
frame_122264.png;3;PED;44;24;52;41; ;;;;
frame_122265.png;3;PED;45;24;53;41; ;;;;
frame_122266.png;3;PED;45;24;53;41; ;;;;
frame_122267.png;3;PED;46;24;54;42; ;;;;
frame_122268.png;3;PED;47;25;55;43; ;;;;
frame_122269.png;3;PED;47;25;55;43; ;;;;
frame_122270.png;3;PED;47;25;56;44; ;;;;
frame_122271.png;3;PED;48;26;57;45; ;;;;
frame_122272.png;3;PED;48;26;58;45; ;;;;
frame_122272.png;4;PED;40;25;47;39; ;;;;
frame_122273.png;3;PED;48;26;58;45; ;;;;
frame_122273.png;4;PED;41;26;47;38; ;;;;
frame_122274.png;3;PED;49;27;59;46; ;;;;
frame_122274.png;4;PED;42;27;48;40; ;;;;
frame_122275.png;3;PED;49;27;59;46; ;;;;
frame_122275.png;4;PED;42;27;48;40; ;;;;
frame_122276.png;3;PED;50;27;60;46; ;;;;
frame_122276.png;4;PED;43;27;49;40; ;;;;
frame_122277.png;3;PED;51;28;61;47; ;;;;
frame_122277.png;4;PED;44;27;50;41; ;;;;
frame_122278.png;3;PED;51;28;62;48; ;;;;
frame_122278.png;4;PED;44;27;50;41; ;;;;
frame_122279.png;3;PED;52;28;63;48; ;;;;
frame_122279.png;4;PED;45;28;51;42; ;;;;
frame_122280.png;3;PED;58;30;65;48; ;;;;
frame_122280.png;4;PED;46;28;52;42; ;;;;
frame_122280.png;5;PED;52;33;58;47; ;;;;
frame_122281.png;3;PED;59;29;67;48; ;;;;
frame_122281.png;4;PED;46;30;52;44; ;;;;
frame_122281.png;5;PED;53;34;59;48; ;;;;
frame_122282.png;3;PED;59;30;68;50; ;;;;
frame_122282.png;4;PED;47;30;53;45; ;;;;
frame_122282.png;5;PED;54;34;60;49; ;;;;
frame_122283.png;3;PED;60;31;69;51; ;;;;
frame_122283.png;4;PED;48;31;54;46; ;;;;
frame_122283.png;5;PED;55;35;61;50; ;;;;
frame_122284.png;3;PED;60;31;69;51; ;;;;
frame_122284.png;4;PED;48;31;54;46; ;;;;
frame_122284.png;5;PED;56;36;62;51; ;;;;
frame_122285.png;3;PED;61;32;70;52; ;;;;
frame_122285.png;4;PED;49;32;56;47; ;;;;
frame_122285.png;5;PED;57;37;63;52; ;;;;
frame_122286.png;3;PED;63;32;70;52; ;;;;
frame_122286.png;4;PED;49;32;56;47; ;;;;
frame_122286.png;5;PED;58;37;64;52; ;;;;
frame_122287.png;3;PED;64;32;71;52; ;;;;
frame_122287.png;4;PED;51;33;58;48; ;;;;
frame_122287.png;5;PED;59;38;65;53; ;;;;
frame_122288.png;3;PED;66;33;73;54; ;;;;
frame_122288.png;4;PED;51;33;58;48; ;;;;
frame_122288.png;5;PED;60;39;66;54; ;;;;
frame_122289.png;3;PED;67;34;74;55; ;;;;
frame_122289.png;4;PED;51;33;58;48; ;;;;
frame_122289.png;5;PED;61;40;67;55; ;;;;
frame_122290.png;3;PED;68;34;76;55; ;;;;
frame_122290.png;4;PED;52;34;59;49; ;;;;
frame_122290.png;5;PED;62;40;69;55; ;;;;
frame_122291.png;3;PED;69;35;77;56; ;;;;
frame_122291.png;4;PED;53;35;60;50; ;;;;
frame_122291.png;5;PED;63;41;70;56; ;;;;
frame_122292.png;3;PED;70;35;78;56; ;;;;
frame_122292.png;4;PED;54;36;61;51; ;;;;
frame_122292.png;5;PED;65;43;72;58; ;;;;
frame_122293.png;3;PED;71;35;79;57; ;;;;
frame_122293.png;4;PED;55;36;63;52; ;;;;
frame_122293.png;5;PED;65;44;73;59; ;;;;
frame_122294.png;3;PED;72;35;79;57; ;;;;
frame_122294.png;4;PED;55;38;64;54; ;;;;
frame_122294.png;5;PED;67;45;74;59; ;;;;
frame_122295.png;4;PED;57;38;66;54; ;;;;
frame_122295.png;5;PED;69;45;76;59; ;;;;
frame_122296.png;4;PED;57;38;66;54; ;;;;
frame_122296.png;5;PED;70;45;77;59; ;;;;
frame_122297.png;4;PED;58;39;67;55; ;;;;
frame_122298.png;4;PED;59;40;69;57; ;;;;
frame_122299.png;4;PED;60;41;70;58; ;;;;
frame_122300.png;4;PED;62;41;72;58; ;;;;
frame_122301.png;4;PED;64;41;74;58; ;;;;
frame_122302.png;4;PED;66;43;76;59; ;;;;
frame_122303.png;4;PED;68;44;78;59; ;;;;
frame_122304.png;4;PED;69;44;79;59; ;;;;
frame_127132.png;1;MTB;34;17;42;27; ;;;;
frame_127133.png;1;MTB;33;18;42;28; ;;;;
frame_127134.png;1;MTB;32;18;42;29; ;;;;
frame_127135.png;1;MTB;32;19;42;31; ;;;;
frame_127136.png;1;MTB;33;20;43;33; ;;;;
frame_127137.png;1;MTB;34;21;44;34; ;;;;
frame_127138.png;1;MTB;35;22;47;37; ;;;;
frame_127139.png;1;MTB;38;23;50;40; ;;;;
frame_127140.png;1;MTB;41;25;54;43; ;;;;
frame_127141.png;1;MTB;45;28;59;47; ;;;;
frame_127142.png;1;MTB;50;31;65;51; ;;;;
frame_127143.png;1;MTB;56;35;73;57; ;;;;
frame_127144.png;1;MTB;64;39;79;59; ;;;;
frame_127238.png;1;MTB;32;18;42;30; ;;;;
frame_127239.png;1;MTB;33;20;43;31; ;;;;
frame_127240.png;1;MTB;34;20;44;33; ;;;;
frame_127241.png;1;MTB;35;22;46;35; ;;;;
frame_127242.png;1;MTB;37;23;49;37; ;;;;
frame_127243.png;1;MTB;39;25;52;40; ;;;;
frame_127244.png;1;MTB;43;27;57;43; ;;;;
frame_127245.png;1;MTB;48;31;63;47; ;;;;
frame_127246.png;1;MTB;54;34;71;52; ;;;;
frame_127247.png;1;MTB;61;39;79;59; ;;;;
frame_134055.png;1;MTB;31;21;40;34; ;;;;
frame_134056.png;1;MTB;33;21;41;36; ;;;;
frame_134057.png;1;MTB;34;22;43;37; ;;;;
frame_134058.png;1;MTB;36;23;46;40; ;;;;
frame_134059.png;1;MTB;38;25;49;43; ;;;;
frame_134060.png;1;MTB;41;27;52;45; ;;;;
frame_134061.png;1;MTB;43;29;56;50; ;;;;
frame_134062.png;1;MTB;46;30;62;53; ;;;;
frame_134063.png;1;MTB;50;34;68;56; ;;;;
frame_134064.png;1;MTB;55;36;74;59; ;;;;
frame_134064.png;2;MTB;32;18;40;31; ;;;;
frame_134065.png;1;MTB;60;36;79;59; ;;;;
frame_134065.png;2;MTB;32;19;40;32; ;;;;
frame_134066.png;2;MTB;33;19;41;32; ;;;;
frame_134067.png;2;MTB;33;20;42;34; ;;;;
frame_134068.png;2;MTB;34;21;43;36; ;;;;
frame_134069.png;2;MTB;35;22;45;38; ;;;;
frame_134070.png;2;MTB;38;23;48;40; ;;;;
frame_134071.png;2;MTB;40;24;51;42; ;;;;
frame_134072.png;2;MTB;42;26;54;46; ;;;;
frame_134073.png;2;MTB;45;28;58;50; ;;;;
frame_134074.png;2;MTB;48;30;63;53; ;;;;
frame_134075.png;2;MTB;53;33;70;57; ;;;;
frame_134076.png;2;MTB;58;36;77;59; ;;;;
frame_135519.png;1;MTB;32;18;41;28; ;;;;
frame_135520.png;1;MTB;32;18;40;29; ;;;;
frame_135521.png;1;MTB;31;18;40;30; ;;;;
frame_135522.png;1;MTB;31;19;41;32; ;;;;
frame_135523.png;1;MTB;31;20;42;33; ;;;;
frame_135524.png;1;MTB;32;21;44;35; ;;;;
frame_135525.png;1;MTB;33;22;46;37; ;;;;
frame_135526.png;1;MTB;36;24;50;40; ;;;;
frame_135527.png;1;MTB;39;26;55;43; ;;;;
frame_135528.png;1;MTB;45;29;61;46; ;;;;
frame_135529.png;1;MTB;50;32;68;50; ;;;;
frame_135530.png;1;MTB;57;36;77;55; ;;;;
frame_138760.png;1;MTB;32;18;41;29; ;;;;
frame_138761.png;1;MTB;32;19;42;31; ;;;;
frame_138762.png;1;MTB;32;20;43;34; ;;;;
frame_138763.png;1;MTB;33;21;45;36; ;;;;
frame_138764.png;1;MTB;35;23;48;38; ;;;;
frame_138765.png;1;MTB;38;24;51;41; ;;;;
frame_138766.png;1;MTB;42;26;56;45; ;;;;
frame_138767.png;1;MTB;47;29;62;49; ;;;;
frame_138768.png;1;MTB;53;33;69;53; ;;;;
frame_138769.png;1;MTB;60;37;76;59; ;;;;
frame_138770.png;1;MTB;68;42;79;59; ;;;;
frame_139985.png;1;MTB;33;16;41;27; ;;;;
frame_139986.png;1;MTB;33;16;41;28; ;;;;
frame_139987.png;1;MTB;32;17;41;29; ;;;;
frame_139988.png;1;MTB;32;17;41;30; ;;;;
frame_139989.png;1;MTB;32;17;41;31; ;;;;
frame_139990.png;1;MTB;32;18;42;32; ;;;;
frame_139991.png;1;MTB;33;19;43;33; ;;;;
frame_139992.png;1;MTB;34;19;44;35; ;;;;
frame_139993.png;1;MTB;36;21;47;37; ;;;;
frame_139994.png;1;MTB;37;22;49;39; ;;;;
frame_139995.png;1;MTB;39;23;52;41; ;;;;
frame_139996.png;1;MTB;42;25;56;44; ;;;;
frame_139997.png;1;MTB;45;27;60;47; ;;;;
frame_139998.png;1;MTB;49;29;65;51; ;;;;
frame_139999.png;1;MTB;53;33;71;53; ;;;;
frame_140000.png;1;MTB;59;36;79;57; ;;;;
frame_140001.png;1;MTB;66;40;79;59; ;;;;
frame_141316.png;1;PED;32;21;38;30; ;;;;
frame_141317.png;1;PED;32;22;39;31; ;;;;
frame_141318.png;1;PED;32;22;39;32; ;;;;
frame_141319.png;1;PED;32;23;39;32; ;;;;
frame_141320.png;1;PED;33;23;39;32; ;;;;
frame_141321.png;1;PED;33;23;40;33; ;;;;
frame_141322.png;1;PED;33;24;40;33; ;;;;
frame_141323.png;1;PED;34;24;40;34; ;;;;
frame_141324.png;1;PED;35;24;41;35; ;;;;
frame_141325.png;1;PED;35;24;42;35; ;;;;
frame_141326.png;1;PED;35;24;42;35; ;;;;
frame_141327.png;1;PED;35;25;43;36; ;;;;
frame_141328.png;1;PED;36;25;43;36; ;;;;
frame_141329.png;1;PED;36;25;43;37; ;;;;
frame_141330.png;1;PED;37;26;44;37; ;;;;
frame_141331.png;1;PED;38;26;44;37; ;;;;
frame_141332.png;1;PED;38;26;45;38; ;;;;
frame_141333.png;1;PED;39;26;45;38; ;;;;
frame_141334.png;1;PED;38;26;45;38; ;;;;
frame_141335.png;1;PED;38;26;46;38; ;;;;
frame_141336.png;1;PED;38;26;46;38; ;;;;
frame_141337.png;1;PED;38;26;46;38; ;;;;
frame_141338.png;1;PED;37;26;46;38; ;;;;
frame_141339.png;1;PED;37;26;46;38; ;;;;
frame_141340.png;1;PED;37;26;46;38; ;;;;
frame_141341.png;1;PED;38;26;46;38; ;;;;
frame_141342.png;1;PED;38;26;46;39; ;;;;
frame_141343.png;1;PED;38;27;46;39; ;;;;
frame_141344.png;1;PED;37;27;45;39; ;;;;
frame_141345.png;1;PED;38;27;45;39; ;;;;
frame_141346.png;1;PED;38;27;46;39; ;;;;
frame_141347.png;1;PED;38;27;46;39; ;;;;
frame_141348.png;1;PED;38;27;46;39; ;;;;
frame_141349.png;1;PED;38;27;46;39; ;;;;
frame_141350.png;1;PED;38;27;46;39; ;;;;
frame_141351.png;1;PED;38;27;46;39; ;;;;
frame_141352.png;1;PED;38;27;46;39; ;;;;
frame_141353.png;1;PED;38;27;46;39; ;;;;
frame_141354.png;1;PED;38;27;46;39; ;;;;
frame_141355.png;1;PED;38;27;46;39; ;;;;
frame_141356.png;1;PED;38;27;46;39; ;;;;
frame_141357.png;1;PED;38;27;46;39; ;;;;
frame_141358.png;1;PED;38;27;46;39; ;;;;
frame_141359.png;1;PED;38;27;46;39; ;;;;
frame_141360.png;1;PED;38;27;46;39; ;;;;
frame_141361.png;1;PED;38;27;46;39; ;;;;
frame_141361.png;2;PED;56;6;61;11; ;;;;
frame_141362.png;1;PED;38;27;46;39; ;;;;
frame_141363.png;1;PED;37;26;45;38; ;;;;
frame_141364.png;1;PED;37;26;45;38; ;;;;
frame_141365.png;1;PED;37;26;45;38; ;;;;
frame_141366.png;1;PED;37;26;45;38; ;;;;
frame_141367.png;1;PED;37;26;45;38; ;;;;
frame_141368.png;1;PED;37;26;45;38; ;;;;
frame_141369.png;1;PED;37;26;45;38; ;;;;
frame_141370.png;1;PED;37;26;45;38; ;;;;
frame_141371.png;1;PED;37;26;45;38; ;;;;
frame_141372.png;1;PED;37;26;45;38; ;;;;
frame_141373.png;1;PED;39;28;47;40; ;;;;
frame_141374.png;1;PED;40;29;48;41; ;;;;
frame_141375.png;1;PED;41;30;49;42; ;;;;
frame_141376.png;1;PED;41;30;49;42; ;;;;
frame_141377.png;1;PED;42;31;50;43; ;;;;
frame_141378.png;1;PED;43;32;51;44; ;;;;
frame_141379.png;1;PED;45;34;53;46; ;;;;
frame_141380.png;1;PED;47;35;55;47; ;;;;
frame_141381.png;1;PED;49;37;57;49; ;;;;
frame_141382.png;1;PED;51;38;59;50; ;;;;
frame_141383.png;1;PED;53;39;62;52; ;;;;
frame_141384.png;1;PED;56;41;65;54; ;;;;
frame_141385.png;1;PED;59;43;68;56; ;;;;
frame_141386.png;1;PED;63;46;72;59; ;;;;
frame_141387.png;1;PED;67;47;77;59; ;;;;
frame_141457.png;1;PED;41;29;51;42; ;;;;
frame_141457.png;2;PED;33;18;39;33; ;;;;
frame_141458.png;1;PED;41;29;51;42; ;;;;
frame_141458.png;2;PED;33;18;39;33; ;;;;
frame_141459.png;1;PED;43;30;53;43; ;;;;
frame_141459.png;2;PED;33;18;39;33; ;;;;
frame_141460.png;1;PED;45;31;55;44; ;;;;
frame_141460.png;2;PED;32;18;40;33; ;;;;
frame_141461.png;1;PED;48;33;58;46; ;;;;
frame_141461.png;2;PED;32;18;40;33; ;;;;
frame_141462.png;1;PED;49;34;59;48; ;;;;
frame_141462.png;2;PED;32;18;40;33; ;;;;
frame_141463.png;1;PED;52;36;62;50; ;;;;
frame_141463.png;2;PED;33;18;42;34; ;;;;
frame_141464.png;1;PED;54;37;64;51; ;;;;
frame_141464.png;2;PED;33;18;42;34; ;;;;
frame_141465.png;1;PED;56;37;67;52; ;;;;
frame_141465.png;2;PED;33;19;43;36; ;;;;
frame_141466.png;1;PED;59;40;70;55; ;;;;
frame_141466.png;2;PED;34;20;44;37; ;;;;
frame_141467.png;1;PED;62;42;73;57; ;;;;
frame_141467.png;2;PED;38;22;45;38; ;;;;
frame_141468.png;1;PED;65;44;76;59; ;;;;
frame_141468.png;2;PED;39;23;46;39; ;;;;
frame_141469.png;1;PED;68;44;79;59; ;;;;
frame_141469.png;2;PED;40;23;47;39; ;;;;
frame_141470.png;2;PED;42;25;49;41; ;;;;
frame_141471.png;2;PED;43;25;50;41; ;;;;
frame_141471.png;3;PED;37;21;44;36; ;;;;
frame_141472.png;2;PED;44;26;52;43; ;;;;
frame_141472.png;3;PED;38;22;45;37; ;;;;
frame_141473.png;2;PED;46;27;55;45; ;;;;
frame_141473.png;3;PED;39;23;46;38; ;;;;
frame_141474.png;2;PED;47;27;56;45; ;;;;
frame_141474.png;3;PED;40;23;47;38; ;;;;
frame_141475.png;2;PED;50;28;59;48; ;;;;
frame_141475.png;3;PED;41;23;49;39; ;;;;
frame_141476.png;2;PED;51;29;60;49; ;;;;
frame_141476.png;3;PED;42;24;50;40; ;;;;
frame_141477.png;2;PED;54;30;63;50; ;;;;
frame_141477.png;3;PED;43;25;51;41; ;;;;
frame_141478.png;2;PED;55;31;65;52; ;;;;
frame_141478.png;3;PED;45;26;53;43; ;;;;
frame_141479.png;2;PED;58;33;68;54; ;;;;
frame_141479.png;3;PED;46;27;54;44; ;;;;
frame_141480.png;2;PED;60;34;71;56; ;;;;
frame_141480.png;3;PED;47;28;55;45; ;;;;
frame_141481.png;2;PED;62;36;73;58; ;;;;
frame_141481.png;3;PED;49;29;57;46; ;;;;
frame_141482.png;2;PED;66;37;77;59; ;;;;
frame_141482.png;3;PED;51;30;59;47; ;;;;
frame_141483.png;2;PED;69;40;79;59; ;;;;
frame_141483.png;3;PED;53;30;61;47; ;;;;
frame_141484.png;2;PED;69;40;79;59; ;;;;
frame_141484.png;3;PED;54;31;63;49; ;;;;
frame_141485.png;3;PED;57;33;66;51; ;;;;
frame_141486.png;3;PED;59;34;68;52; ;;;;
frame_141487.png;3;PED;60;35;71;55; ;;;;
frame_141488.png;3;PED;62;37;73;57; ;;;;
frame_141489.png;3;PED;65;38;76;58; ;;;;
frame_141490.png;3;PED;68;38;79;58; ;;;;
frame_151698.png;1;MTB;32;18;40;29; ;;;;
frame_151699.png;1;MTB;32;19;40;30; ;;;;
frame_151700.png;1;MTB;33;20;41;32; ;;;;
frame_151701.png;1;MTB;34;21;43;34; ;;;;
frame_151702.png;1;MTB;35;22;44;36; ;;;;
frame_151703.png;1;MTB;37;23;47;38; ;;;;
frame_151704.png;1;MTB;38;24;49;40; ;;;;
frame_151705.png;1;MTB;41;26;52;42; ;;;;
frame_151706.png;1;MTB;43;27;56;46; ;;;;
frame_151707.png;1;MTB;47;30;60;49; ;;;;
frame_151707.png;2;MTB;33;18;41;28; ;;;;
frame_151708.png;1;MTB;50;32;64;53; ;;;;
frame_151708.png;2;MTB;33;18;41;28; ;;;;
frame_151709.png;1;MTB;55;34;70;56; ;;;;
frame_151709.png;2;MTB;34;19;42;31; ;;;;
frame_151710.png;1;MTB;61;37;77;59; ;;;;
frame_151710.png;2;MTB;34;20;43;32; ;;;;
frame_151711.png;2;MTB;35;21;44;33; ;;;;
frame_151712.png;2;MTB;36;22;47;36; ;;;;
frame_151713.png;2;MTB;38;22;49;38; ;;;;
frame_151714.png;2;MTB;41;24;52;40; ;;;;
frame_151715.png;2;MTB;44;26;55;42; ;;;;
frame_151716.png;2;MTB;47;28;60;46; ;;;;
frame_151717.png;2;MTB;50;29;63;49; ;;;;
frame_151718.png;2;MTB;54;31;69;53; ;;;;
frame_151719.png;2;MTB;59;35;74;57; ;;;;
frame_151720.png;2;MTB;64;37;79;59; ;;;;
frame_156181.png;1;PED;33;16;41;27; ;;;;
frame_156182.png;1;PED;32;16;40;27; ;;;;
frame_156183.png;1;PED;32;16;40;28; ;;;;
frame_156184.png;1;PED;31;16;39;28; ;;;;
frame_156185.png;1;PED;30;17;39;28; ;;;;
frame_156186.png;1;PED;30;17;39;28; ;;;;
frame_156187.png;1;PED;30;17;38;29; ;;;;
frame_156188.png;1;PED;30;17;39;30; ;;;;
frame_156189.png;1;PED;30;17;39;30; ;;;;
frame_156190.png;1;PED;30;17;39;30; ;;;;
frame_156191.png;1;PED;30;17;40;31; ;;;;
frame_156192.png;1;PED;30;18;41;32; ;;;;
frame_156193.png;1;PED;32;18;42;32; ;;;;
frame_156194.png;1;PED;33;19;43;34; ;;;;
frame_156195.png;1;PED;34;19;44;35; ;;;;
frame_156196.png;1;PED;34;19;45;35; ;;;;
frame_156197.png;1;PED;34;20;46;36; ;;;;
frame_156198.png;1;PED;35;21;47;38; ;;;;
frame_156199.png;1;PED;36;22;46;38; ;;;;
frame_156200.png;1;PED;39;22;48;39; ;;;;
frame_156201.png;1;PED;40;24;51;41; ;;;;
frame_156202.png;1;PED;40;24;52;42; ;;;;
frame_156203.png;1;PED;41;24;52;43; ;;;;
frame_156204.png;1;PED;41;26;53;44; ;;;;
frame_156205.png;1;PED;43;26;55;45; ;;;;
frame_156206.png;1;PED;45;27;58;48; ;;;;
frame_156207.png;1;PED;45;29;60;49; ;;;;
frame_156208.png;1;PED;46;30;60;51; ;;;;
frame_156209.png;1;PED;46;31;60;52; ;;;;
frame_156210.png;1;PED;48;32;63;53; ;;;;
frame_156211.png;1;PED;50;33;65;57; ;;;;
frame_156212.png;1;PED;52;34;66;57; ;;;;
frame_156316.png;1;MTB;34;21;44;34; ;;;;
frame_156316.png;2;MTB;46;11;52;18; ;;;;
frame_156317.png;1;MTB;36;22;46;36; ;;;;
frame_156317.png;2;MTB;46;11;52;19; ;;;;
frame_156318.png;1;MTB;37;22;48;38; ;;;;
frame_156318.png;2;MTB;46;13;51;20; ;;;;
frame_156319.png;1;MTB;39;24;50;39; ;;;;
frame_156319.png;2;MTB;44;12;49;20; ;;;;
frame_156320.png;1;MTB;41;25;53;41; ;;;;
frame_156320.png;2;MTB;43;13;49;21; ;;;;
frame_156321.png;1;MTB;44;27;56;42; ;;;;
frame_156321.png;2;MTB;42;13;48;22; ;;;;
frame_156322.png;1;MTB;47;29;59;46; ;;;;
frame_156322.png;2;MTB;41;14;47;22; ;;;;
frame_156323.png;1;MTB;50;31;63;49; ;;;;
frame_156323.png;2;MTB;40;14;46;23; ;;;;
frame_156324.png;1;MTB;53;33;68;52; ;;;;
frame_156324.png;2;MTB;39;14;45;24; ;;;;
frame_156325.png;1;MTB;58;36;73;53; ;;;;
frame_156325.png;2;MTB;38;15;44;24; ;;;;
frame_156326.png;1;MTB;63;39;79;57; ;;;;
frame_156326.png;2;MTB;36;16;43;25; ;;;;
frame_156327.png;2;MTB;36;16;42;25; ;;;;
frame_156328.png;2;MTB;35;16;42;26; ;;;;
frame_156329.png;1;MTB;34;17;41;27; ;;;;
frame_156330.png;1;MTB;33;17;41;28; ;;;;
frame_156331.png;1;MTB;33;17;40;28; ;;;;
frame_156332.png;1;MTB;32;17;40;29; ;;;;
frame_156333.png;1;MTB;32;18;40;30; ;;;;
frame_156334.png;1;MTB;33;18;41;30; ;;;;
frame_156335.png;1;MTB;33;19;41;32; ;;;;
frame_156336.png;1;MTB;34;20;42;32; ;;;;
frame_156337.png;1;MTB;35;20;44;33; ;;;;
frame_156338.png;1;MTB;36;21;45;34; ;;;;
frame_156339.png;1;MTB;37;22;47;36; ;;;;
frame_156340.png;1;MTB;39;23;49;38; ;;;;
frame_156341.png;1;MTB;41;25;52;39; ;;;;
frame_156342.png;1;MTB;43;26;55;41; ;;;;
frame_156343.png;1;MTB;46;28;58;44; ;;;;
frame_156344.png;1;MTB;50;30;62;46; ;;;;
frame_156345.png;1;MTB;54;32;67;49; ;;;;
frame_156346.png;1;MTB;58;35;72;52; ;;;;
frame_156347.png;1;MTB;62;37;77;55; ;;;;
frame_156348.png;1;MTB;67;42;79;59; ;;;;
